000597,共同控制方控制的企业小计
000597,营口方大医院有限公司
000597,营口方大医院有限公司
000597,共同控制方控制的企业小计
000597,共同控制方控制的企业小计
000597,共同控制方控制的企业小计
000597,共同控制方控制的企业小计
000597,共同控制方控制的企业小计
002999,广西川化天禾钾肥有限责任公司
002999,广西川化天禾钾肥有限责任公司
002999,南雄新供销天润现代农业发展有限公司
002999,湛江天禾农资物流有限公司
002999,湛江天禾农资物流有限公司
002999,江门市新会区共创新会陈皮农技服务有限公司
002999,江门市新会区共创新会陈皮农技服务有限公司
002999,怀集新供销天润现代农业发展有限公司
002999,怀集新供销天润现代农业发展有限公司
002999,广西川化天禾钾肥有限责任公司
002999,广西川化天禾钾肥有限责任公司
002999,广西川化天禾钾肥有限责任公司
002999,广西川化天禾钾肥有限责任公司
002999,广西川化天禾钾肥有限责任公司
002999,广西川化天禾钾肥有限责任公司
002999,广东粤合资产经营有限公司
002999,广东粤合资产经营有限公司
002999,广东省农业生产资料总公司
002999,广东省农业生产资料总公司
002999,广东嘉兴物业管理有限公司
002999,广东嘉兴物业管理有限公司
002999,广东嘉兴物业管理有限公司
002999,广东嘉兴物业管理有限公司
002999,南雄新供销天润现代农业发展有限公司
000698,中化石化销售有限公司
000698,黎明化工研究设计院有限责任公司
000698,沈阳沈化院测试技术有限公司
000698,中化安全科学研究(沈阳)有限公司
000698,中化信息技术有限公司
000698,蓝星智云(山东)智能科技有限公司
000698,蓝星(北京)化工机械有限公司
000698,兰州蓝星清洗有限公司
000698,中国蓝星(集团)股份有限公司
000698,中化信息技术有限公司
000698,黎明化工研究设计院有限责任公司
000698,黎明化工研究设计院有限责任公司
000698,黎明化工研究设计院有限责任公司
000698,长沙华星建设监理有限公司
000698,锦西化工研究院有限公司
000698,蓝钿(北京)流体控制设备有限公司
000698,蓝星工业服务(沈阳)有限公司
000698,蓝星(北京)技术中心有限公司
000698,蓝星(北京)化工机械有限公司
000698,沈阳金脉石油有限公司
000698,沈阳金脉石油有限公司
000698,沈阳金脉石油有限公司
000698,沈阳化工集团有限公司
000698,沈阳化工研究院有限公司
000698,沈阳中化化成环保科技有限公司
000698,华夏汉华化工装备有限公司
000698,华夏汉华化工装备有限公司
000698,化学工业矿山工程质量监督站
000698,兰州蓝星清洗有限公司
000698,中蓝长化工程科技有限公司
000698,中蓝长化工程科技有限公司
000698,中蓝连海设计研究院
000698,中蓝晨光化工研究设计院有限公司新津分公司
000698,中蓝晨光化工研究设计院有限公司新津分公司
000698,中蓝国际化工有限公司
000698,中蓝国际化工有限公司
000698,中国蓝星哈尔滨石化有限公司
000698,中国蓝星(集团)股份有限公司
000698,中国蓝星(集团)股份有限公司
000698,中国化工信息中心有限公司
000698,中国化工信息中心有限公司
000698,中化化工科学技术研究总院有限公司
000698,中化国际(控股)股份有限公司
000698,中化国际(控股)股份有限公司
000698,中化国际(控股)股份有限公司
000698,中化信息技术有限公司
002733,深圳市恒润禾实业有限公司
002733,湖北雄瑞自动化设备有限公司
002733,深圳市恒润禾实业有限公司
002733,湖北雄瑞自动化设备有限公司
000404,宜宾红星电子有限公司
000404,长虹美菱股份有限公司
000404,长虹美菱股份有限公司
000404,长虹三杰新能源有限公司
000404,远信融资租赁有限公司
000404,越南长虹电工有限责任公司
000404,四川长虹电子控股集团有限公司
000404,四川长虹电子控股集团有限公司
000404,四川长虹电器股份有限公司
000404,四川长虹电器股份有限公司
000404,四川长虹电器股份有限公司
000404,四川长虹民生物流股份有限公司
000404,四川长虹格润环保科技股份有限公司
000404,四川长虹智能制造技术有限公司
000404,四川爱创科技有限公司
000404,四川爱创科技有限公司
000404,四川长虹集团财务有限公司
000404,四川爱创科技有限公司
000404,长虹美菱股份有限公司
000404,长虹美菱股份有限公司
000404,长虹三杰新能源有限公司
000404,远信融资租赁有限公司
000404,越南长虹电工有限责任公司
000404,四川长虹电子控股集团有限公司其他下属子公司
000404,四川长虹电子控股集团有限公司其他下属子公司
000404,四川长虹电器股份有限公司及他下属子公司
000404,四川长虹电器股份有限公司及他下属子公司
000404,四川长虹电器股份有限公司及他下属子公司
000404,四川长虹民生物流股份有限公司
000404,四川长虹格润环保科技股份有限公司
000404,四川长虹智能制造技术有限公司
000404,四川爱创科技有限公司
000404,四川爱创科技有限公司
000404,长虹美菱股份有限公司
000404,长虹美菱股份有限公司
000404,长虹(香港)贸易有限公司
000404,远信融资租赁有限公司
000404,江西美菱电器有限责任公司
000404,四川长虹电子控股集团有限公司
000404,四川长虹电子控股集团有限公司
000404,四川长虹电器股份有限公司
000404,四川长虹电器股份有限公司
000404,四川长虹民生物流股份有限公司
000404,四川长虹格润环保科技股份有限公司
000404,四川长虹智能制造技术有限公司
000404,四川爱创科技有限公司
600213,中国重汽集团济南商用车有限公司
600213,潍柴新能源商用车有限公司
600213,潍柴(扬州)亚星新能源商用车有限公司
600213,中通客车股份有限公司
600213,潍柴(扬州)亚星汽车有限公司
600213,潍柴(扬州)亚星汽车有限公司
600213,中通客车股份有限公司
600213,陕西法士特齿轮有限责任公司
600213,陕西法士特齿轮有限责任公司
600213,潍柴动力股份有限公司
600213,潍柴动力股份有限公司
600213,潍柴动力股份有限公司
600213,潍柴动力股份有限公司
600213,潍柴(扬州)特种车有限公司
600213,潍柴(扬州)特种车有限公司
600213,潍柴(扬州)亚星汽车有限公司
600213,潍柴(扬州)亚星汽车有限公司
600213,潍柴(扬州)亚星汽车有限公司
600213,潍柴(扬州)亚星汽车有限公司
600213,潍柴(扬州)亚星汽车有限公司
600213,潍柴(扬州)亚星汽车有限公司
600213,潍柴(扬州)亚星汽车有限公司
600213,潍柴(扬州)亚星新能源商用车有限公司
600213,潍柴(扬州)亚星新能源商用车有限公司
600213,潍柴(扬州)亚星新能源商用车有限公司
600213,潍柴(扬州)亚星新能源商用车有限公司
600213,山东重工集团财务有限公司
600213,山东潍柴进出口有限公司
600213,山东潍柴进出口有限公司
600213,中通新能源汽车有限公司
600213,陕西汉德车桥有限公司
600213,陕西汉德车桥有限公司
600213,中通客车股份有限公司
003026,隆基绿能科技股份有限公司
003026,隆基绿能科技股份有限公司
003026,隆基绿能科技股份有限公司
003026,MEITOKU TRADING CO.LTD
003026,隆基绿能科技股份有限公司
003026,隆基绿能科技股份有限公司
003026,隆基绿能科技股份有限公司
003026,隆基绿能科技股份有限公司
003026,隆基绿能科技股份有限公司
003026,苏州天准科技股份有限公司
003026,浙江晶盛机电股份有限公司
001209,
600847,重庆同正实业有限公司
600847,重庆同正实业有限公司
600847,重庆同正实业有限公司
600847,重庆同正实业有限公司
002186,北京首都旅游集团有限责任公司
002186,北京首都旅游集团财务有限公司
002186,北京首都旅游集团财务有限公司
002186,北京首都旅游集团财务有限公司
002186,北京首都旅游集团财务有限公司
002186,北京首都旅游集团有限责任公司
002186,北京首都旅游集团有限责任公司
002186,北京首都旅游集团有限责任公司
002186,北京首都旅游集团有限责任公司
002186,北京首都旅游集团有限责任公司
002186,北京首都旅游集团有限责任公司
002186,北京首都旅游集团有限责任公司
002186,北京首都旅游集团有限责任公司
002327,深圳市振雄印刷有限公司
002162,上海东冠健康用品股份有限公司
002162,美加置业(武汉)有限公司
002162,美加置业(武汉)有限公司
002162,湖北孝感美珈职业学院有限责任公司
002162,上海鑫曜节能科技有限公司
002162,上海鑫曜节能科技有限公司
002162,上海鑫曜节能科技有限公司
002162,上海胜康斯米克房产投资有限公司
002162,上海胜康斯米克房产投资有限公司
002162,上海珍恒商贸有限公司
002162,上海珍恒商贸有限公司
002162,上海洁云商务服务有限公司
002162,上海洁云商务服务有限公司
002162,上海洁云商务服务有限公司
002162,上海洁云商务服务有限公司
002162,上海斯米克装饰材料有限公司
002162,上海斯米克装饰材料有限公司
002162,上海斯米克装饰材料有限公司
002162,上海恒南文化发展有限公司
002162,上海恒南文化发展有限公司
002162,上海东冠纸业有限公司
002162,上海东冠卫生用品有限公司
002162,上海东冠卫生用品有限公司
002162,上海东冠卫生用品有限公司
002162,上海东冠卫生用品有限公司
002162,上海东冠健康用品股份有限公司
002162,上海东冠健康用品股份有限公司
002800,中直能源鄯善工业园区煤炭储运有限公司
002800,新疆天顺投资集团有限公司
002800,新疆天顺投资集团有限公司
002800,布尔津县德合旅游有限责任公司
002800,布尔津县德合旅游有限责任公司
002800,乌鲁木齐经济技术开发区天悦酒店
002800,乌鲁木齐经济技术开发区天悦酒店
002800,乌鲁木齐天恒祥物业服务有限公司
002800,乌鲁木齐天恒祥物业服务有限公司
002800,乌鲁木齐天恒祥物业服务有限公司
002800,乌鲁木齐天恒祥物业服务有限公司
002800,中直能源鄯善工业园区煤炭储运有限公司
001217,东至仲俊混凝土有限公司
001217,东至仲俊混凝土有限公司
001217,东至县成诚建筑劳务服务有限公司
001217,东至县成诚建筑劳务服务有限公司
001217,嘉兴市中华化工有限责任公司
001217,嘉兴市中华化工有限责任公司
001217,嘉兴市中华化工有限责任公司
001217,池州市兴泰物业有限公司
001217,池州市兴泰物业有限公司
001217,池州新赛德颜料有限公司
001217,池州新赛德颜料有限公司
001217,池州新赛德颜料有限公司
001217,池州新赛德颜料有限公司
001217,池州新赛德颜料有限公司
603912,南京楷得投资有限公司
603912,安乐工程集团有限公司
603912,安乐工程集团有限公司
603912,南京楷得投资有限公司
603530,Shemar Latam Holding Ltda.
603530,Shemar Power Engineering(India) Private Limite
603530,武汉中原鹏飞电力工程有限责任公司
002531,上海安顺船务代理有限公司
002531,太仓安顺船务代理有限公司
002531,上海安顺船务代理有限公司
002531,太仓安顺船务代理有限公司
002531,太仓安顺船务代理有限公司
002531,上海安顺船务代理有限公司
002553,常州精控投资咨询合伙企业(有限合伙)
002553,常州克迈特数控科技有限公司
002553,常州泰博滚针轴承有限公司
002553,常州市泰博精创机械有限公司
002553,常州市泰博精创机械有限公司
300204,JOINN Biologics US Inc.
300204,北京昭衍生物技术有限公司
300204,北京昭衍新药研究中心股份有限公司
300204,Biorichland LLC
300204,湖南嘉泰实验动物有限公司
300204,湖南嘉泰实验动物有限公司
300204,北京昭衍生物技术有限公司
300204,北京昭衍生物技术有限公司
300204,北京昭衍新药研究中心股份有限公司
300204,北京昭衍新药研究中心股份有限公司
300204,北京昭衍新药研究中心股份有限公司
300204,北京昭衍新药研究中心股份有限公司
300204,北京昭衍新药研究中心股份有限公司
300204,北京昭衍新药研究中心股份有限公司
300204,JOINN Biologics US Inc.
300204,JOINN Biologics US Inc.
300204,Biorichland LLC
300518,卢氏县宇瑞科技有限公司
300518,济南骏华新能源科技合伙企业
300518,
300518,
603696,
603696,王秀惠
603696,王秀惠
603696,泉州市艾特兰贸易有限责任公司
603696,泉州市艾特兰贸易有限责任公司
603696,
300812,南京颖图电子技术有限公司
300812,南京颖图电子技术有限公司
300812,南京颖图电子技术有限公司
603035,宁波安通林汽车零部件有限公司
603035,天津格瑞纳汽车零部件有限公司
603035,天津格瑞纳汽车零部件有限公司
603035,天津格瑞纳汽车零部件有限公司
603035,天津格瑞纳汽车零部件有限公司
603035,北京安通林汽车饰件有限公司
603035,北京安通林汽车饰件有限公司
603035,北京安通林汽车饰件有限公司
603035,北京安通林汽车饰件有限公司
603035,佛山富晟汽车饰件有限公司
603035,麦凯瑞(芜湖)汽车外饰有限公司
603035,麦凯瑞(芜湖)汽车外饰有限公司
603035,长春派格汽车塑料技术有限公司
603035,长春派格汽车塑料技术有限公司
603035,长春派格汽车塑料技术有限公司
603035,长春派格汽车塑料技术有限公司
603035,长春安通林汽车饰件有限公司
603035,长春安通林汽车饰件有限公司
603035,长春安通林汽车饰件有限公司
603035,沈阳格瑞纳汽车零部件有限公司
603035,沈阳格瑞纳汽车零部件有限公司
603035,沈阳格瑞纳汽车零部件有限公司
603035,成都安通林汽车饰件有限公司
603035,成都安通林汽车饰件有限公司
603035,成都安通林汽车饰件有限公司
603035,常熟安通林汽车饰件有限公司
603035,常熟安通林汽车饰件有限公司
603035,常熟安通林汽车饰件有限公司
603035,宜宾凯翼汽车有限公司
603035,宜宾凯翼汽车有限公司
603035,宁波安通林汽车零部件有限公司
603035,宁波安通林汽车零部件有限公司
300173,佛山市投资控股集团有限公司
300173,佛山电建集团有限公司
300173,佛山市投资控股集团有限公司其他下属公司
300173,佛山市公用事业控股有限公司
300173,佛山电建集团有限公司
300173,佛山电建集团有限公司
300173,佛山市公用事业控股有限公司下属公司
300173,佛山市公用事业控股有限公司下属公司
300173,佛山市公用事业控股有限公司
603580,滁州和传物流机械有限公司
603580,金锋馥(滁州)科技股份有限公司
603580,滁州和锋自动化设备有限公司
300309,山高速香榆企业管理(上海)合伙企业(有限合伙)
300309,上海东益邦企业管理有限公司
000868,安徽江淮汽车集团股份有限公司
000868,安徽江淮汽车集团股份有限公司
000868,合肥江淮汽车融资担保有限公司
000868,湖南亚太实业有限公司
000868,江淮汽车(阜阳)有限公司
000868,安徽省中安金融资产管理股份有限公司
000868,安徽江汽物流有限公司
000868,安徽江淮汽车集团股份有限公司
000868,安徽江淮汽车集团股份有限公司
000868,安徽星瑞齿轮传动有限公司
000868,合肥美桥汽车传动及底盘系统有限公司
000868,合肥江淮铸造有限责任公司
000868,合肥江淮汽车制管有限公司
000868,合肥汇凌汽车零部件有限公司
000868,六安市惠民公共交通有限责任公司
000868,安徽凯翔座椅有限公司
000868,安徽凯翔座椅有限公司
000868,安徽中安商业保理有限责任公司
000837,陕西法士特汽车传动集团有限责任公司
000837,西安法士特汽车传动有限公司
000837,陕西法士特齿轮有限责任公司
000837,陕西法士特齿轮有限责任公司
000837,西安法士特汽车传动有限公司
000837,上海汉江机床附件厂
000837,陕西黄工集团齿轮有限责任公司
000837,陕西法士特齿轮有限责任公司
000837,陕西法士特齿轮有限责任公司
000837,陕西法士特齿轮有限责任公司
000837,陕西法士特齿轮有限责任公司
000837,陕西法士特齿轮有限责任公司
000837,陕西法士特齿轮有限责任公司
000837,陕西法士特汽车零部件进出口有限公司
000837,陕西法士特汽车传动集团有限责任公司
000837,陕西法士特汽车传动集团有限责任公司
000837,陕西法士特汽车传动集团有限责任公司
000837,陕西法士特智能制动系统有限责任公司
000837,西安法士特齿轮销售有限公司
000837,西安法士特汽车传动有限公司
000837,西安法士特汽车传动有限公司
000837,西安法士特汽车传动有限公司
000837,西安法士特汽车传动有限公司
000837,西安双特智能传动有限公司
000837,秦川国际融资租赁有限公司
000837,秦川国际融资租赁有限公司
000837,深圳秦川商业保理有限公司
000837,深圳秦川商业保理有限公司
000837,深圳秦川商业保理有限公司
000837,法士特伊顿(宝鸡)轻型变速器有限责任公司
000837,法士特伊顿(宝鸡)轻型变速器有限责任公司
000837,宝鸡法士特齿轮有限责任公司
000837,宝鸡法士特齿轮有限责任公司
000837,宝鸡法士特齿轮有限责任公司
000837,宝鸡法士特齿轮有限责任公司
300718,吉林省长盛滑动轴承有限公司
300718,吉林省长盛滑动轴承有限公司
300718,吉林省长盛滑动轴承有限公司
688261,客户A
688261,客户A
688261,苏州硅能半导体科技股份有限公司
688261,苏州硅能半导体科技股份有限公司
300817,金华市双飞程凯合金材料有限公司
300817,成都茂晟滑动轴承有限公司
300817,嘉善县范跃包装有限公司
300817,嘉善县范跃包装有限公司
300199,深圳市广安石油化工有限公司
300199,深圳市广安石油化工有限公司
300199,深圳市广安石油化工有限公司
300199,深圳市广安石油化工有限公司
300199,深圳市广安石油化工有限公司
300199,深圳市广安石油化工有限公司
002487,阜新金胤能源投资有限公司
002356,海南沧海奥兰国际贸易有限公司
002356,海南沧海奥兰国际贸易有限公司
002356,上海零氏信息技术有限公司
002356,海南沧海奥兰国际贸易有限公司
002356,海南沧海奥兰国际贸易有限公司
688015,北京埃福瑞科技有限公司
688015,北京埃福瑞科技有限公司
688015,北京交大微联科技有限公司
688015,河北京车轨道交通车辆装备有限公司
688015,北京市轨道交通运营管理有限公司
688015,北京交大微联科技有限公司
688015,苏州华启智能科技有限公司
688015,北京市轨道交通运营管理有限公司
688015,北京市地铁运营有限公司通信信号分公司
688015,北京协同创新轨道交通研究院有限公司
688015,北京运捷科技有限公司
688015,北京轨道交通技术装备集团有限公司
688015,北京城市轨道交通咨询有限公司
688015,北京京投亿雅捷交通科技有限公司
688015,北京交通大学
688015,北京交控硅谷科技有限公司
688015,北京交大微联科技有限公司
688015,北京运捷科技有限公司
688015,北京运捷科技有限公司
688015,北京运捷科技有限公司
688015,北京运捷科技有限公司
688015,北京轨道交通技术装备集团有限公司及河北京车轨道交通车辆装备有限公司
688015,北京轨道交通技术装备集团有限公司
688015,北京市轨道交通运营管理有限公司
688015,北京市轨道交通运营管理有限公司
688015,北京市地铁运营有限公司通信信号分公司
688015,北京市地铁运营有限公司(含分公司)
688015,北京市地铁运营有限公司(含分公司)
688015,北京城市轨道交通咨询有限公司
688015,北京交通大学
688015,北京交通大学
688015,北京交通大学
688015,北京交控硅谷科技有限公司
688015,北京交大微联科技有限公司
688015,北京交大微联科技有限公司
688015,北京交控硅谷科技有限公司
688015,北京市轨道交通运营管理有限公司
603238,杭州老板电器股份有限公司
002689,沈阳远大铝业集团有限公司
002689,沈阳远大铝业集团有限公司
002689,沈阳远大铝业集团有限公司
002689,沈阳远大铝业集团有限公司
002689,同一控制人控制的其他企业
002689,远大智浦(沈阳)农业机械制造有限公司
002689,远大智浦(沈阳)农业机械制造有限公司
002689,远大智浦(沈阳)农业机械制造有限公司
002689,沈阳远大环境工程有限公司
002689,沈阳远大环境工程有限公司
002689,沈阳远大环境工程有限公司
002689,同一控制人控制的其他企业
002689,同一控制人控制的其他企业
002689,同一控制人控制的其他企业
002689,同一控制人控制的其他企业
002689,同一控制人控制的其他企业
000899,江西江能物贸有限公司
000899,江西陕赣煤炭销售有限公司
000899,江西省投资集团有限公司下属企业
000899,江西煤炭储备中心有限公司
000899,江西煤业集团有限责任公司销售运输分公司
000899,江西江能物贸有限公司
000899,江西陕赣煤炭销售有限公司
000899,江西陕赣煤炭销售有限公司
000899,江西省投资集团有限公司下属企业
000899,江西省投资集团有限公司下属企业
000899,江西省投资物流有限责任公司
000899,江西煤炭储备中心有限公司
000899,江西煤炭储备中心有限公司
000899,江西煤业集团有限责任公司销售运输分公司
000899,江西煤业集团有限责任公司销售运输分公司
000899,江西江能物贸有限公司
300623,陈亚菊
300108,吉林海通制药有限公司
300108,通化双龙集团建材有限公司
300108,通化双龙集团建材有限公司
300108,孙小涵
300108,孙小涵
002351,AUDEZE LLC
002351,深圳冇心良品科技有限公司
002351,深圳冇心良品科技有限公司
002351,深圳冇心良品科技有限公司
002351,深圳冇心良品科技有限公司
002351,广州市前冠电子有限公司
002351,广州市前冠电子有限公司
002351,北京爱迪发科技有限公司
002351,北京爱迪发科技有限公司
002351,Ventmere Limited
002351,Ventmere Limited
002351,Lifa Air Limited
002351,Lifa Air Limited
002351,Lifa Air Limited
002351,Lifa Air Limited
002351,AUDEZE LLC
300700,刘海映
300700,湖南诚熙颐科技有限公司
301063,张家港市南丰镇资产经营公司
003025,宁波北仑恒迈机械有限公司
003025,宁波北仑恒迈机械有限公司
003025,宁波北仑恒迈机械有限公司
003025,宁波北仑恒迈机械有限公司
003025,宁波北仑恒迈机械有限公司
003025,宁波北仑恒迈机械有限公司
000595,南京西北轴承销售有限责任公司
000595,湖北西北轴承有限责任公司
000595,湖北西北轴承有限责任公司
000595,新疆宁银西北轴承销售有限公司
000595,新疆宁银西北轴承销售有限公司
000595,宁夏西北轴承销售有限公司
000595,宁夏西北轴承销售有限公司
000595,南京西北轴承销售有限责任公司
000595,南京西北轴承销售有限责任公司
000595,湖北西北轴承有限责任公司
000595,湖北西北轴承有限责任公司
000595,湖北西北轴承有限责任公司
000595,湖北西北轴承有限责任公司
000595,新疆宁银西北轴承销售有限公司
000595,新疆宁银西北轴承销售有限公司
000595,新疆宁银西北轴承销售有限公司
000595,新疆宁银西北轴承销售有限公司
000595,宁夏西北轴承销售有限公司
000595,宁夏西北轴承销售有限公司
000595,宁夏西北轴承销售有限公司
000595,宁夏西北轴承销售有限公司
000595,南京西北轴承销售有限责任公司
000595,南京西北轴承销售有限责任公司
000595,南京西北轴承销售有限责任公司
603003,致远资源有限公司
603003,
603003,
300809,昆山华辰光电科技有限公司
300809,昆山华辰联合投资管理有限公司
300809,昆山华辰联合投资管理有限公司
300809,昆山华辰电动科技有限公司
300809,昆山华辰光电科技有限公司
300809,昆山华辰光电科技有限公司
300809,昆山华辰联合投资管理有限公司
300809,昆山华辰联合投资管理有限公司
300809,昆山华辰联合投资管理有限公司
300809,昆山华辰联合投资管理有限公司
300809,昆山华辰联合投资管理有限公司
300809,昆山华辰电动科技有限公司
300809,昆山华辰电动科技有限公司
300809,昆山华辰光电科技有限公司
300809,昆山华辰光电科技有限公司
300809,昆山华辰光电科技有限公司
300809,昆山华辰光电科技有限公司
301112,上海艾斯迪克汽车装备制造有限公司
301112,上海艾斯迪克汽车装备制造有限公司
301112,上海艾斯迪克汽车装备制造有限公司
301112,
301112,
301112,广东信邦自动化设备集团有限公司
301112,广东信邦自动化设备集团有限公司
301112,李昱
301112,李昱
301112,
301112,
301112,珠海丽亭智能科技有限公司
301032,新昌县中昱企业管理咨询有限公司
301032,浙江中柴机器有限公司
301032,浙江中柴机器有限公司
301032,杭叉集团股份有限公司
301032,杭叉集团股份有限公司
301032,新昌县中昱企业管理咨询有限公司
301032,浙江中柴机器有限公司
301032,浙江中柴机器有限公司
301032,浙江中柴机器有限公司
301032,杭叉集团股份有限公司
301032,杭叉集团股份有限公司
301032,杭叉集团股份有限公司
003042,浙江世佳科技股份有限公司
003042,江西天宇化工有限公司
003042,南通泰禾化工股份有限公司
003042,中国供销集团有限公司
003042,中国供销集团有限公司
000819,中国石化集团资产经营管理有限公司
000819,华中化销分公司
000819,长岭资产分公司
000819,长岭资产分公司
000819,长岭股份分公司
000819,长岭股份分公司
000819,长岭股份分公司
000819,长岭股份分公司
000819,湖南长炼兴长集团有限责公司
000819,湖南长炼兴长集团有限责公司
000819,岳阳石油分公司
000819,中石化炼销公司
000819,中石化炼销公司
000819,华中化销分公司
000819,中国石化炼油销售有限公司
000819,湖南长炼兴长集团有限责任公司
000819,湖南长炼兴长集团有限责任公司
000819,湖南长炼兴长集团有限责任公司
000819,中石化化工销售(武汉)有限公司分公司
000819,中石化化工销售(武汉)有限公司
000819,中国石油化工股份有限公司长岭分公司
000819,中国石油化工股份有限公司长岭分公司
000819,中国石油化工股份有限公司长岭分公司
000819,中国石油化工股份有限公司长岭分公司
000819,中国石油化工股份有限公司长岭分公司
000819,中国石油化工股份有限公司长岭分公司
000819,中国石油化工股份有限公司长岭分公司
000819,中国石油化工股份有限公司长岭分公司
000819,中国石油化工股份有限公司长岭分公司
000819,中国石油化工股份有限公司长岭分公司
000819,中国石油化工股份有限公司长岭分公司
000819,中国石油化工股份有限公司长岭分公司
000819,中国石油化工股份有限公司长岭分公司
000819,中国石油化工股份有限公司化工销售华中分公司
000819,中国石油化工股份有限公司化工销售华中分公司
000819,中国石油化工股份有限公司化工销售华中分公司
000819,中国石油化工股份有限公司化工销售华中分公司
000819,中国石化集团资产经营管理有限公司长岭分公司
000819,中国石化集团资产经营管理有限公司长岭分公司
000819,中国石化集团资产经营管理有限公司长岭分公司
000819,中国石化集团资产经营管理有限公司长岭分公司
000819,中国石化集团资产经营管理有限公司长岭分公司
000819,中国石化销售股份有限公司湖南岳阳石油分公司
000819,中国石化销售股份有限公司湖南岳阳石油分公司
000819,中国石化销售股份有限公司湖南岳阳石油分公司
000819,中国石化销售股份有限公司湖北咸宁赤壁石油分公司
000819,中国石化销售股份有限公司湖北咸宁石油分公司
000819,中国石化销售股份有限公司湖北咸宁石油分公司
000819,中国石化炼油销售有限公司
000819,中国石化炼油销售有限公司
000819,中国石化炼油销售有限公司
000819,中国石化炼油销售有限公司
000819,中国石化炼油销售有限公司
000819,湖南长炼兴长集团有限责任公司
000819,湖南长炼兴长集团有限责任公司
000819,湖南长炼兴长集团有限责任公司
000887,上海鼎可自动化科技有限公司
000887,安徽省广德中鼎汽车工具有限公司
000887,安徽挚达中鼎汽车充电设备有限公司
000887,安徽中鼎资能新能源科技有限公司
000887,安徽中鼎资能新能源科技有限公司
000887,安徽中鼎美达环保科技有限公司
000887,安徽中鼎美达环保科技有限公司
000887,安徽中鼎置业有限公司
000887,安徽中鼎置业有限公司
000887,安徽中鼎置业有限公司
000887,安徽中鼎置业有限公司
000887,安徽中鼎精密科技股份有限公司
000887,安徽中鼎控股(集团)股份有限公司
000887,安徽中鼎控股(集团)股份有限公司
000887,安徽中鼎控股(集团)股份有限公司
000887,安徽中鼎控股(集团)股份有限公司
000887,安徽中鼎控股(集团)股份有限公司
000887,安徽中鼎动力有限公司
000887,安徽中鼎动力有限公司
000887,安徽中鼎动力有限公司
000887,安徽中鼎动力有限公司
000887,安徽中鼎动力有限公司
000887,安徽中鼎动力有限公司
000887,安徽中鼎动力有限公司
000887,安徽中鼎动力有限公司
000887,安徽中鼎动力有限公司
000887,安徽中鼎动力有限公司
000887,安徽中翰高分子科技有限公司
000887,安徽中翰高分子科技有限公司
000887,安徽中翰高分子科技有限公司
000887,安徽中翰智能科技有限公司
000887,安徽中翰智能科技有限公司
000887,安徽中翰智能科技有限公司
000887,上海新鼎减振橡胶技术有限公司
000887,Schmitter Group AG
000887,Schmitter Group AG
000887,Schmitter Group AG
000887,Schmitter Group AG
000887,Schmitter Group AG
000887,Schmitter Group AG
000887,Schmitter Group AG
000887,Schmitter Group AG
000887,上海鼎可自动化科技有限公司
000887,上海鼎可自动化科技有限公司
000887,上海鼎可自动化科技有限公司
000887,上海鼎可自动化科技有限公司
000887,上海鼎可自动化科技有限公司
000887,上海鼎可自动化科技有限公司
000887,上海鼎可自动化科技有限公司
000887,上海鼎可自动化科技有限公司
000887,安徽省广德中鼎汽车工具有限公司
000887,安徽省广德中鼎汽车工具有限公司
000887,安徽挚达中鼎汽车充电设备有限公司
000887,安徽中鼎资能新能源科技有限公司
000887,安徽中鼎资能新能源科技有限公司
000887,安徽中鼎美达环保科技有限公司
000887,安徽中鼎美达环保科技有限公司
000887,安徽中鼎置业有限公司
000887,安徽中鼎置业有限公司
000887,安徽中鼎置业有限公司
000887,安徽中鼎置业有限公司
000887,安徽中鼎精密科技股份有限公司
000887,安徽中鼎控股(集团)股份有限公司
000887,安徽中鼎控股(集团)股份有限公司
000887,安徽中鼎控股(集团)股份有限公司
000887,安徽中鼎控股(集团)股份有限公司
000887,安徽中鼎控股(集团)股份有限公司
000887,安徽中鼎动力有限公司
000887,安徽中鼎动力有限公司
000887,安徽中鼎动力有限公司
000887,安徽中鼎动力有限公司
000887,安徽中鼎动力有限公司
000887,安徽中鼎动力有限公司
000887,安徽中鼎动力有限公司
000887,安徽中鼎动力有限公司
000887,安徽中鼎动力有限公司
000887,安徽中鼎动力有限公司
000887,安徽中翰高分子科技有限公司
000887,安徽中翰高分子科技有限公司
000887,安徽中翰高分子科技有限公司
000887,安徽中翰智能科技有限公司
000887,安徽中翰智能科技有限公司
000887,安徽中翰智能科技有限公司
000887,上海新鼎减振橡胶技术有限公司
000887,Schmitter Group AG
000887,Schmitter Group AG
000887,Schmitter Group AG
000887,Schmitter Group AG
000887,Schmitter Group AG
000887,Schmitter Group AG
000887,Schmitter Group AG
000887,Schmitter Group AG
000887,上海鼎可自动化科技有限公司
000887,上海鼎可自动化科技有限公司
000887,上海鼎可自动化科技有限公司
000887,上海鼎可自动化科技有限公司
000887,上海鼎可自动化科技有限公司
000887,上海鼎可自动化科技有限公司
000887,上海鼎可自动化科技有限公司
000887,上海鼎可自动化科技有限公司
000887,安徽中鼎动力有限公司
000887,安徽中鼎动力有限公司
000887,安徽中鼎动力有限公司
000887,安徽中鼎动力有限公司
000887,安徽中翰高分子科技有限公司
000887,安徽中翰高分子科技有限公司
000887,安徽中翰高分子科技有限公司
000887,安徽中翰智能科技有限公司
000887,安徽中翰智能科技有限公司
000887,安徽中翰智能科技有限公司
000887,上海新鼎减振橡胶技术有限公司
000887,Schmitter Group AG
000887,Schmitter Group AG
000887,Schmitter Group AG
000887,Schmitter Group AG
000887,Schmitter Group AG
000887,Schmitter Group AG
000887,Schmitter Group AG
000887,Schmitter Group AG
000887,上海鼎可自动化科技有限公司
000887,上海鼎可自动化科技有限公司
000887,上海鼎可自动化科技有限公司
000887,上海鼎可自动化科技有限公司
000887,上海鼎可自动化科技有限公司
000887,上海鼎可自动化科技有限公司
000887,上海鼎可自动化科技有限公司
000887,上海鼎可自动化科技有限公司
000887,上海鼎可自动化科技有限公司
300301,
300301,深圳车仆实业控股有限公司
300301,
300301,
300301,深圳车仆实业控股有限公司
300301,
605222,嘉兴市大尚机电设备有限公司
300990,
300990,
002383,上海合亿信息科技有限公司
002383,郑州航空港区泰信实业有限公司
002383,郑州航空港区兴维实业有限公司
002383,郑州航空港兴港智慧城市有限公司
002383,郑州航空港兴港供应链管理有限公司
002383,天派电子(深圳)有限公司
002383,天派电子(深圳)有限公司
002383,上海合亿信息科技有限公司
002383,郑州航空港区兴慧电子科技有限公司
002383,兴港(天津)商业保理有限公司
002383,郑州航空港安澜建设有限公司
002383,郑州航空港区北斗产业园有限公司
002383,郑州航空港区兴维实业有限公司
002383,郑州航空港区兴港精密科技有限公司
002383,郑州航空港区兴港人力资源服务有限公司
002383,郑州航空港兴港租赁有限公司
002383,郑州航空港兴港租赁有限公司
002383,郑州航空港兴港电力有限公司
002383,郑州航空港兴港智慧城市有限公司
002383,郑州航空港兴港智慧城市有限公司
002383,郑州航空港兴港供应链有限公司
002383,郑州航空港兴晟信资本管理有限公司
002383,郑州市航空港区卓正时代文化传媒有限公司
002383,郑州市天派电子科技有限公司
002383,郑州天之创供应链管理有限公司
002383,苏州一光仪器有限公司
002383,苏州一光仪器有限公司
002383,苏州一光仪器有限公司
002383,苏州一光仪器有限公司
002383,深圳市创智成科技股份有限公司
002383,河南宏港物业服务有限公司
002383,武汉纵横天地空间信息技术有限公司
002383,天派电子(深圳)有限公司
002383,天派电子(深圳)有限公司
002383,天派电子(深圳)有限公司
002383,天派电子(深圳)有限公司
002383,天派电子(深圳)有限公司
002383,兴港(天津)商业保理有限公司
002383,天派电子(深圳)有限公司
002383,苏州一光仪器有限公司
002383,苏州一光仪器有限公司
002383,苏州一光仪器有限公司
002383,武汉纵横天地空间信息技术有限公司
002383,武汉纵横天地空间信息技术有限公司
002383,北京星球时空科技有限公司
002383,北京星球时空科技有限公司
002383,UniStrong Japan Co.
002383,UniStrong Japan Co.
002383,天派电子(深圳)有限公司
002383,天派电子(深圳)有限公司
002383,郑州航空港兴港投资集团有限公司
002383,郑州航空港兴港供应链管理有限公司
002383,郑州航空港兴港供应链管理有限公司
002383,郑州市天派电子科技有限公司
002383,郑州市天派电子科技有限公司
002383,苏州一光仪器有限公司
002383,苏州一光仪器有限公司
002383,苏州一光仪器有限公司
002383,苏州一光仪器有限公司
002383,武汉纵横天地空间信息技术有限公司
002383,武汉纵横天地空间信息技术有限公司
002383,北京星球时空科技有限公司
002383,北京星球时空科技有限公司
002383,UniStrong Japan Co.
002383,UniStrong Japan Co.
002383,天派电子(深圳)有限公司
002383,天派电子(深圳)有限公司
002383,天派电子(深圳)有限公司
603117,靖江新港船务有限公司
688266,昆山市工业技术研究院小核酸生物技术研究所有限责任公司
688266,昆山市工业技术研究院小核酸生物技术研究所有限责任公司
688266,昆山市工业技术研究院小核酸生物技术研究所有限责任公司
688266,昆山市工业技术研究院小核酸生物技术研究所有限责任公司
000616,北京一卡通物业管理有限公司
000616,渤海人寿保险股份有限公司
000616,渤海人寿保险股份有限公司
000616,海航旅游集团有限公司
000616,海航旅游集团有限公司
000616,海南百成信息系统有限公司
000616,海南百成信息系统有限公司
000616,易航科技股份有限公司
000616,易航科技股份有限公司
000616,控股股东
000616,控股股东
000616,安途商务旅行服务有限责任公司
000616,安途商务旅行服务有限责任公司
000616,华安财产保险股份有限公司北京分公司
000616,华安财产保险股份有限公司北京分公司
000616,北京鲲鹏金科控股有限公司
000616,北京鲲鹏金科控股有限公司
000616,北京科航投资有限公司
000616,北京科航投资有限公司
000616,北京海韵假期体育健身有限公司
000616,北京海韵假期体育健身有限公司
000616,北京亿城物业管理有限公司天津分公司
000616,北京亿城物业管理有限公司天津分公司
000616,北京一卡通物业管理有限公司
600136,北京新爱体育传媒科技有限公司
603029,山东供销综合服务平台有限公司
603029,山东鲁供现代农业发展(集团)有限公司
603029,山东鲁供现代农业发展(集团)有限公司
603029,山东省供销资产运营有限公司
603029,山东省供销社农产品有限公司
603029,山东供销融资担保股份有限公司
603029,山东供销供应链管理有限公司
603029,山东鲁供现代农业发展(集团)有限公司
603029,山东鲁供现代农业发展(集团)有限公司
603029,山东鲁供现代农业发展(集团)有限公司
603029,山东鲁供现代农业发展(集团)有限公司
603029,山东鲁供现代农业发展(集团)有限公司
603029,山东鲁供现代农业发展(集团)有限公司
603029,山东省供销资产运营有限公司
603029,山东省供销资产运营有限公司
603029,山东省供销资产运营有限公司
603029,山东省供销社农产品有限公司
603029,山东省供销社农产品有限公司
603029,山东省供销社农产品有限公司
603029,山东供销融资担保股份有限公司
603029,山东供销融资担保股份有限公司
603029,山东供销融资担保股份有限公司
603029,山东供销综合服务平台有限公司
603029,山东供销综合服务平台有限公司
603029,山东供销综合服务平台有限公司
603029,山东供销现代农业发展集团有限公司附属企业
603029,山东供销现代农业发展集团有限公司附属企业
300421,宁波通用轴承有限公司
300421,宁波通用轴承有限公司
300421,常山皮尔轴承有限公司
300421,常山皮尔轴承有限公司
300421,斯凯孚(上海)轴承有限公司
300421,斯凯孚(新昌)轴承与精密技术有限公司
300421,斯凯孚(新昌)轴承与精密技术有限公司
605055,浙江利铭科技有限公司
605055,绍兴雍金纺织品有限公司
605055,绍兴雍金纺织品有限公司
605055,绍兴柯桥浙昊塑料包装有限公司
605055,绍兴柯桥浙昊塑料包装有限公司
605055,绍兴增冠纺织品有限公司
605055,绍兴增冠纺织品有限公司
605055,绍兴卡欣纺织品有限公司
605055,绍兴卡欣纺织品有限公司
605055,绍兴亚仑工业品销售有限公司
605055,绍兴亚仑工业品销售有限公司
605055,浙江科达钢结构制造有限公司
605055,浙江科达钢结构制造有限公司
605055,浙江利铭科技有限公司
605055,浙江利铭科技有限公司
605055,浙江利铭科技有限公司
603823,
603823,Avient Pakistan(Private)Limited
603823,科莱恩渤海颜料制品(天津)有限公司
603823,科莱恩涂料(上海)有限公司
603823,科莱恩涂料(上海)有限公司
603823,科莱恩化工科技(上海)有限公司
603823,科莱恩化工(中国)有限公司
603823,科莱恩丰益脂肪胺(连云港)有限公司
603823,浙江百合航太复合材料有限公司
603823,浙江百合实业有限公司
603823,Colorants Solutions Singapire Pte
603823,Colorants Solutions Deutschland GmbH
603823,Colorants Solutions Brasil Indústria Química LTDA
603823,Colorant Corea Co.
603823,Clariant Masterbatches (SaudiArabia) Ltd.
603823,Avient Pakistan(Private)Limited Formerly Clariant Chemical Pakistan(Pvt)Ltd
603823,科莱恩渤海颜料制品(天津)有限公司
603823,科莱恩涂料(上海)有限公司
603823,Colorants Solutions Singapire Pte
603823,Colorants Solutions Deutschland GmbH
603823,Colorants Solutions Deutschland GmbH
603823,Colorants Solutions Brasil Indústria Química LTDA
603823,Colorant Corea Co.
603823,ClariantColorquimica(Chile)Ltda.
603823,Clariant(Guatemala)
603823,Clariant Plastics & Coatings Brasil Industria Quimica Ltd.
603823,Clariant Plastic & Coatings (Colombia) SAS
603823,Clariant Chemicals(India)Limited
603823,CLARIANT PLASTICS & COATINGS MEXICO S.A de C.V
603823,Avient Colorants BR-Masterbatch
603823,Clariant Masterbatches (SaudiArabia) Ltd.
603823,科莱恩丰益脂肪胺(连云港)有限公司
603823,科莱恩化工(中国)有限公司
301108,
301108,
301108,
301108,
301108,
301108,
002079,江苏圣源庠文化传播有限公司
002079,苏州通博电子器材有限公司
002079,苏州超樊电子有限公司
002079,苏州超樊电子有限公司
002079,苏州硅能半导体科技股份有限公司
002079,苏州硅能半导体科技股份有限公司
002079,苏州硅能半导体科技股份有限公司
002079,苏州硅能半导体科技股份有限公司
002079,苏州晶讯科技股份有限公司
002079,苏州晶讯科技股份有限公司
002079,苏州晶讯科技股份有限公司
002079,苏州晶讯科技股份有限公司
002079,苏州明皜传感科技有限公司
002079,苏州明皜传感科技有限公司
002079,苏州明皜传感科技有限公司
002079,苏州明皜传感科技有限公司
002079,江苏明伦源文化传播有限公司
002079,江苏明伦源文化传播有限公司
002079,江苏明伦源文化传播有限公司
002079,江苏明伦源文化传播有限公司
002079,江苏圣源庠文化传播有限公司
839725,河南克拉钻石有限公司
839725,河南克拉钻石有限公司
839725,河南省惠丰金刚石有限公司
839725,河南克拉钻石有限公司
839725,柘城华钻超硬材料有限公司
839725,河南省惠丰金刚石有限公司
839725,河南克拉钻石有限公司
839725,河南克拉钻石有限公司
839725,河南克拉钻石有限公司
839725,柘城华钻超硬材料有限公司
839725,柘城华钻超硬材料有限公司
839725,柘城华钻超硬材料有限公司
839725,柘城华钻超硬材料有限公司
603133,涟源德盛四季新能源科技有限公司
603133,
603133,东莞市博恩光学有限公司
603133,香港博恩光学科技有限公司
603133,常州重道投资管理有限公司
603133,常州云未电子商务有限公司
603133,常州世竟非平衡合金有限公司
603133,常州世竟液态金属有限公司
603133,常州世竟液态金属有限公司
603133,东莞市博恩光学有限公司
603133,常州世竟液态金属有限公司
603133,
002997,奇瑞汽车股份有限公司
002997,达奥(芜湖)汽车制品有限公司
002997,芜湖金桔科技有限公司
002997,芜湖艾蔓设备工程有限公司
002997,芜湖奇瑞科技有限公司
002997,芜湖奇瑞科技有限公司
002997,芜湖奇瑞信息技术有限公司
002997,瑞鲸(安徽)供应链科技有限公司
002997,瑞鲸(安徽)供应链科技有限公司
002997,安徽瑞露科技有限公司
002997,安徽成飞集成瑞鹄汽车模具有限公司
002997,安徽成飞集成瑞鹄汽车模具有限公司
002997,奇瑞汽车股份有限公司
002997,奇瑞商用车(安徽)有限公司
002997,奇瑞汽车河南有限公司
002997,达奥(芜湖)汽车制品有限公司
002997,芜湖金桔科技有限公司
002997,芜湖艾蔓设备工程有限公司
002997,芜湖奇瑞信息技术有限公司
002997,瑞鲸(安徽)供应链科技有限公司
002997,易同汽车租赁有限公司
002997,安徽成飞集成瑞鹄汽车模具有限公司
002997,安徽成飞集成瑞鹄汽车模具有限公司
002997,奇瑞汽车股份有限公司
002997,奇瑞汽车股份有限公司
002997,奇瑞新能源汽车股份有限公司
002965,东莞市本特勒祥鑫汽车系统有限公司
002965,东莞捷邦精密金属制品有限公司
002965,东莞捷邦精密金属制品有限公司
002965,东莞捷邦精密金属制品有限公司
002965,东莞捷邦精密金属制品有限公司
002965,东莞捷邦精密金属制品有限公司
002965,东莞捷邦精密金属制品有限公司
000521,Orion Co.
000521,四川长虹模塑科技有限公司
000521,四川长虹模塑科技有限公司
000521,四川智易家网络科技有限公司
000521,四川智易家网络科技有限公司
000521,Orion Co.
000521,四川爱联科技股份有限公司
000521,四川爱创科技有限公司
000521,四川快益点电器服务连锁有限公司
000521,Orion.PDP.Co.
000521,ChanghongEuropeElectrics.r.o
000521,四川智易家网络科技有限公司
000521,长虹国际控股(香港)有限公司
000521,长虹国际控股(香港)有限公司
000521,长虹华意压缩机股份有限公司
000521,长虹华意压缩机股份有限公司
000521,远信融资租赁有限公司
000521,四川长虹精密电子科技有限公司
000521,四川长虹电子部品有限公司
000521,四川长虹电子控股集团有限公司
000521,四川长虹电子控股集团有限公司
000521,四川长虹电器股份有限公司
000521,四川长虹电器股份有限公司
000521,四川长虹电器股份有限公司
000521,四川长虹电器股份有限公司其他控股子公司
000521,四川长虹电器股份有限公司其他控股子公司
000521,四川长虹电器股份有限公司
000521,四川长虹电器股份有限公司
000521,四川长虹民生物流股份有限公司
000521,四川长虹模塑科技有限公司
000521,四川长虹模塑科技有限公司
000521,四川长虹智能制造技术有限公司
000521,四川长虹技佳精工有限公司
000521,四川长虹技佳精工有限公司
000521,四川长虹包装印务有限公司
000521,四川长虹下属控股子公司CHANGHONG(HK)TRADINGLIMITED
000521,CHANGHONG ELECTRIC (AUSTRALIA) PTY.LTD.
000521,四川华丰科技股份有限公司
000521,四川佳虹实业有限公司
000521,四川佳虹实业有限公司
000521,合肥长虹新能源科技有限公司
000521,合肥长虹实业有限公司
000521,合肥长虹实业有限公司
000521,合肥长虹实业有限公司
000521,合肥长虹实业有限公司
000521,合肥长虹实业有限公司
000521,乐家易连锁管理有限公司
000521,Orion.PDP.Co.
000521,Changhong Europe Electrics.r.o
000521,CHANGHONG(HK)TRADINGLIMITED
000521,四川长虹国际酒店有限责任公司
000521,四川长虹国际酒店有限责任公司
000521,四川长虹器件科技有限公司
000521,四川长虹器件科技有限公司
000521,四川长虹器件科技有限公司
000521,四川长虹器件科技有限公司
000521,四川长虹器件科技有限公司
000521,四川长虹包装印务有限公司
000521,四川虹信软件股份有限公司
000521,四川虹信软件股份有限公司
000521,四川爱联科技股份有限公司
000521,四川爱联科技股份有限公司
000521,四川爱创科技有限公司
000521,四川爱创科技有限公司
000521,四川爱创科技有限公司
000521,四川爱创科技有限公司
000521,四川智易家网络科技有限公司
000521,四川智易家网络科技有限公司
000521,四川智易家网络科技有限公司
000521,四川智易家网络科技有限公司
000521,四川智易家网络科技有限公司
000521,四川智易家网络科技有限公司
000521,四川智易家网络科技有限公司
000521,四川快益点电器服务连锁有限公司
000521,四川快益点电器服务连锁有限公司
000521,四川快益点电器服务连锁有限公司
000521,四川快益点电器服务连锁有限公司
000521,四川奥库科技有限公司
000521,四川奥库科技有限公司
000521,四川奥库科技有限公司
000521,四川奥库科技有限公司
000521,四川奥库科技有限公司
000521,四川启睿克科技有限公司
000521,四川启睿克科技有限公司
000521,四川启睿克科技有限公司
000521,四川启睿克科技有限公司
000521,四川华丰科技股份有限公司
000521,四川华丰科技股份有限公司
000521,四川佳虹实业有限公司
000521,四川佳虹实业有限公司
000521,合肥长虹新能源科技有限公司
000521,合肥长虹实业有限公司
000521,合肥长虹实业有限公司
000521,合肥长虹实业有限公司
000521,合肥长虹实业有限公司
000521,合肥长虹实业有限公司
000521,乐家易连锁管理有限公司
000521,Orion.PDP.Co.
000521,Changhong Europe Electrics.r.o
000521,CHANGHONG(HK)TRADINGLIMITED
000521,四川长虹国际酒店有限责任公司
000521,四川长虹国际酒店有限责任公司
000521,四川长虹器件科技有限公司
000521,四川长虹器件科技有限公司
000521,四川长虹器件科技有限公司
000521,四川长虹器件科技有限公司
000521,四川长虹器件科技有限公司
000521,四川长虹包装印务有限公司
000521,四川虹信软件股份有限公司
000521,四川虹信软件股份有限公司
000521,四川爱联科技股份有限公司
000521,四川爱联科技股份有限公司
000521,四川爱创科技有限公司
000521,四川爱创科技有限公司
000521,四川爱创科技有限公司
000521,四川爱创科技有限公司
000521,四川智易家网络科技有限公司
000521,四川智易家网络科技有限公司
000521,四川智易家网络科技有限公司
000521,四川智易家网络科技有限公司
000521,四川智易家网络科技有限公司
000521,四川智易家网络科技有限公司
000521,四川智易家网络科技有限公司
000521,四川快益点电器服务连锁有限公司
000521,四川快益点电器服务连锁有限公司
000521,四川快益点电器服务连锁有限公司
000521,四川快益点电器服务连锁有限公司
000521,四川奥库科技有限公司
000521,四川奥库科技有限公司
000521,四川奥库科技有限公司
000521,四川奥库科技有限公司
000521,四川奥库科技有限公司
000521,四川启睿克科技有限公司
000521,四川启睿克科技有限公司
000521,四川启睿克科技有限公司
000521,四川启睿克科技有限公司
000521,四川华丰科技股份有限公司
000521,四川华丰科技股份有限公司
000521,四川佳虹实业有限公司
000521,四川佳虹实业有限公司
000521,合肥长虹新能源科技有限公司
000521,合肥长虹实业有限公司
000521,合肥长虹实业有限公司
000521,合肥长虹实业有限公司
000521,合肥长虹实业有限公司
000521,合肥长虹实业有限公司
000521,乐家易连锁管理有限公司
000521,Orion.PDP.Co.
000521,Changhong Europe Electrics.r.o
000521,CHANGHONG(HK)TRADINGLIMITED
000521,CHANGHONG ELECTRIC MIDDLE EAST FZCO
000521,
000521,CHANGHONG ELECTRIC (AUSTRALIA) PTY.LTD.
000521,四川虹微技术有限公司
000521,四川虹微技术有限公司
000521,四川虹微技术有限公司
000521,四川虹城建筑工程有限公司
000521,四川虹信软件股份有限公司
000521,四川虹信软件股份有限公司
000521,四川虹信软件股份有限公司
000521,四川爱联科技股份有限公司
000521,四川爱联科技股份有限公司
000521,四川爱联科技股份有限公司
000521,四川爱创科技有限公司
000521,四川爱创科技有限公司
000521,四川爱创科技有限公司
000521,四川爱创科技有限公司
000521,四川爱创科技有限公司
000521,四川智易家网络科技有限公司
000521,四川智易家网络科技有限公司
000521,四川智易家网络科技有限公司
000521,四川智易家网络科技有限公司
000521,四川智易家网络科技有限公司
000521,四川智易家网络科技有限公司
000521,四川快益点电器服务连锁有限公司
000521,四川快益点电器服务连锁有限公司
000521,四川快益点电器服务连锁有限公司
000521,四川快益点电器服务连锁有限公司
000521,四川快益点电器服务连锁有限公司
000521,四川寰宇实业有限公司
000521,四川安思飞科技有限公司
000521,四川安思飞科技有限公司
000521,四川启睿克科技有限公司
000521,四川华丰企业集团有限公司
000521,四川华丰企业集团有限公司
000521,四川佳虹实业有限公司
000521,四川佳虹实业有限公司
000521,四川佳虹实业有限公司
000521,合肥长虹新能源科技有限公司
000521,合肥长虹实业有限公司
000521,合肥长虹实业有限公司
000521,合肥长虹实业有限公司
000521,合肥长虹实业有限公司
000521,合肥长虹实业有限公司
000521,乐家易连锁管理有限公司
000521,PT.CHANGHONGELECTRICINDONESIA
000521,Orion.PDP.Co.
000521,Orion.PDP.Co.
000521,ChanghongEuropeElectrics.r.o
000521,CHANGHONG(HK)TRADINGLIMITED
000521,四川长虹包装印务有限公司
000521,四川虹魔方网络科技有限公司
000521,四川虹微技术有限公司
000521,四川虹微技术有限公司
000521,四川虹微技术有限公司
000521,四川虹微技术有限公司
000521,四川虹城建筑工程有限公司
000521,四川虹信软件股份有限公司
000521,四川虹信软件股份有限公司
000521,四川虹信软件股份有限公司
000521,四川爱联科技股份有限公司
000521,四川爱联科技股份有限公司
000521,四川爱联科技股份有限公司
000521,四川爱创科技有限公司
000521,四川爱创科技有限公司
000521,四川爱创科技有限公司
000521,四川爱创科技有限公司
000521,四川爱创科技有限公司
000521,四川智易家网络科技有限公司
000521,四川智易家网络科技有限公司
000521,四川智易家网络科技有限公司
000521,四川智易家网络科技有限公司
000521,四川智易家网络科技有限公司
000521,四川智易家网络科技有限公司
000521,四川快益点电器服务连锁有限公司
000521,四川快益点电器服务连锁有限公司
000521,四川快益点电器服务连锁有限公司
000521,四川快益点电器服务连锁有限公司
000521,四川快益点电器服务连锁有限公司
000521,四川寰宇实业有限公司
000521,四川安思飞科技有限公司
000521,四川安思飞科技有限公司
000521,四川启睿克科技有限公司
000521,四川华丰企业集团有限公司
000521,四川华丰企业集团有限公司
000521,四川佳虹实业有限公司
000521,四川佳虹实业有限公司
000521,四川佳虹实业有限公司
000521,合肥长虹新能源科技有限公司
000521,合肥长虹实业有限公司
000521,合肥长虹实业有限公司
000521,合肥长虹实业有限公司
000521,合肥长虹实业有限公司
000521,合肥长虹实业有限公司
000521,乐家易连锁管理有限公司
000521,PT.CHANGHONGELECTRICINDONESIA
000521,Orion.PDP.Co.
000521,Orion.PDP.Co.
000521,ChanghongEuropeElectrics.r.o
000521,CHANGHONG(HK)TRADINGLIMITED
000521,四川虹微技术有限公司
000521,四川虹微技术有限公司
000521,四川虹微技术有限公司
000521,四川虹微技术有限公司
000521,四川虹城建筑工程有限公司
000521,四川虹信软件股份有限公司
000521,四川虹信软件股份有限公司
000521,四川虹信软件股份有限公司
000521,四川爱联科技股份有限公司
000521,四川爱联科技股份有限公司
000521,四川爱联科技股份有限公司
000521,四川爱创科技有限公司
000521,四川爱创科技有限公司
000521,四川爱创科技有限公司
000521,四川爱创科技有限公司
000521,四川爱创科技有限公司
000521,四川智易家网络科技有限公司
000521,四川智易家网络科技有限公司
000521,四川智易家网络科技有限公司
000521,四川智易家网络科技有限公司
000521,四川智易家网络科技有限公司
000521,四川智易家网络科技有限公司
000521,四川快益点电器服务连锁有限公司
000521,四川快益点电器服务连锁有限公司
000521,四川快益点电器服务连锁有限公司
000521,四川快益点电器服务连锁有限公司
000521,四川快益点电器服务连锁有限公司
000521,四川寰宇实业有限公司
000521,四川安思飞科技有限公司
000521,四川安思飞科技有限公司
000521,四川启睿克科技有限公司
000521,四川华丰企业集团有限公司
000521,四川华丰企业集团有限公司
000521,四川佳虹实业有限公司
000521,四川佳虹实业有限公司
000521,四川佳虹实业有限公司
000521,合肥长虹新能源科技有限公司
000521,合肥长虹实业有限公司
000521,合肥长虹实业有限公司
000521,合肥长虹实业有限公司
000521,合肥长虹实业有限公司
000521,合肥长虹实业有限公司
000521,乐家易连锁管理有限公司
000521,PT.CHANGHONGELECTRICINDONESIA
000521,Orion.PDP.Co.
000521,Orion.PDP.Co.
000521,ChanghongEuropeElectrics.r.o
000521,CHANGHONG(HK)TRADINGLIMITED
000521,CHANGHONG ELECTRICM IDDLEEAST FZCO
301000,邵雄辉
000820,武汉新跃科技有限公司
000820,神雾科技集团股份有限公司
000820,神雾环保技术股份有限公司
600644,乐山大沫水电有限责任公司
600644,国网四川省电力公司(
600644,国网四川省电力公司(
600644,国网四川省电力公司(
600644,乐山市水务投资有限公司
600644,中环天仪股份有限公司
600644,国网四川省电力公司乐山供电公司
600644,国网四川省电力公司乐山供电公司
600644,国网四川省电力公司乐山供电公司
600644,四川晟天新能源发展有限公司的子公司
600644,乐山市水务投资有限公司
600644,乐山大沫水电有限责任公司
300647,益阳高新产业投资有限公司
300643,Intelligent MEMS Design Inc
300643,Tyresure TPMS GmbH
300643,Tyresure Limited
300643,Tyresure Limited
300643,Tyresure Limited
300643,Tyresure Limited
600355,武汉华美晨曦光电有限责任公司
600355,精伦园产业园发展(武汉)有限责任公司
600355,精伦园产业园发展(武汉)有限责任公司
600355,精伦园产业园发展(武汉)有限责任公司
600355,精伦园产业园发展(武汉)有限责任公司
600355,武汉精伦电气有限公司
600355,武汉精伦电气有限公司
600355,武汉精伦电气有限公司
600355,武汉精伦电气有限公司
600355,武汉精伦电气有限公司
600355,武汉华美晨曦光电有限责任公司
000722,湖南省国际工程咨询中心有限公司
000722,湖南省湘咨工程咨询管理有限责任公司
000722,湖南康乃馨养老产业投资置业有限公司
300201,广东新宇智能装备有限公司
300201,上海微泓自动化设备有限公司
300201,苏州菱麦自动化设备科技有限公司
301155,江苏海宇新能源有限公司
301155,南通科赛尔机械有限公司
301155,南通科赛尔机械有限公司
301155,南通龙腾机械有限责任公司
002084,嘉兴艾迪西暖通科技有限公司
002084,衢州贝喜欧智能卫浴有限公司
002084,浙江建工装饰集成科技有限公司
002084,江西鸥迪铜业有限公司
002084,江西鸥迪铜业有限公司
002084,宁波艾迪西国际贸易有限公司
002084,宁波艾迪西国际贸易有限公司
002084,嘉兴艾迪西暖通科技有限公司
002084,上海东铁五金有限公司
002084,香港艾迪西国际有限公司
002084,衢州贝喜欧智能卫浴有限公司
002084,衢州贝喜欧智能卫浴有限公司
002084,衢州贝喜欧智能卫浴有限公司
002084,衢州贝喜欧智能卫浴有限公司
002084,珠海艾迪西软件科技有限公司
002084,珠海艾迪西软件科技有限公司
002084,珠海盛鸥工业节能科技有限公司
002084,浩祥国际贸易有限公司
002084,浙江建工装饰集成科技有限公司
002084,江西鸥迪铜业有限公司
002084,江西鸥迪铜业有限公司
002084,江西鸥迪铜业有限公司
002084,江西鸥迪铜业有限公司
002084,宁波艾迪西国际贸易有限公司
002084,宁波艾迪西国际贸易有限公司
002084,宁波艾迪西国际贸易有限公司
002084,宁波艾迪西国际贸易有限公司
002084,嘉兴艾迪西暖通科技有限公司
002084,嘉兴艾迪西暖通科技有限公司
002084,嘉兴艾迪西暖通科技有限公司
002084,嘉兴艾迪西暖通科技有限公司
002084,台州艾迪西盛大暖通科技有限公司
002084,台州艾迪西盛大暖通科技有限公司
002084,北京艾迪西暖通科技有限公司
002084,上海东铁五金有限公司
300118,义乌威克新材料有限公司
300118,常州斯威克光伏新材料有限公司
300118,
300118,义乌威克新材料有限公司
300118,常州斯威克光伏新材料有限公司
300118,常州斯威克光伏新材料有限公司
300118,义乌威克新材料有限公司
300118,
300407,中国铁路通信信号集团有限公司(含其下属公司)
300407,中国铁路通信信号集团有限公司(含其下属公司)
300407,中国铁路通信信号集团有限公司(含其下属公司)
603933,浙江中自机电控制技术有限公司
301259,
300757,南京维思凯软件科技有限责任公司
300757,苏州玖物互通智能科技有限公司
300757,元能微电子科技南通有限公司
300757,元能微电子科技南通有限公司
300757,Ficontec Service Gmbh
300757,南京维思凯软件科技有限责任公司
300757,Ficontec Service Gmbh
300757,苏州玖物互通智能科技有限公司
300757,苏州玖物互通智能科技有限公司
300757,南京维思凯软件科技有限责任公司
300757,南京维思凯软件科技有限责任公司
300757,南京维思凯软件科技有限责任公司
300757,南京维思凯软件科技有限责任公司
300757,元能微电子科技南通有限公司
000666,中国纺织对外经济技术合作有限公司
000666,苏美达国际技术贸易有限公司
000666,立信门富士纺织机械(中山)有限公司
000666,晋中经纬钢领科技开发有限公司
000666,晋中经纬钢领科技开发有限公司
000666,晋中经纬钢领科技开发有限公司
000666,晋中经纬轴承制造有限公司
000666,晋中经纬轴承制造有限公司
000666,晋中经纬精梳机械制造有限公司
000666,晋中经纬精梳机械制造有限公司
000666,恒天重工股份有限公司
000666,恒天重工股份有限公司
000666,恒天重工股份有限公司
000666,恒天重工股份有限公司
000666,常德嘉园纺机企业管理服务有限公司
000666,奥特发非织造机械科技(无锡)有限公司
000666,天津市天工工程机械有限公司
000666,国机智能技术研究院有限公司
000666,国机智能技术研究院有限公司
000666,中纺机技术服务进出口有限公司
000666,中纺机技术服务进出口有限公司
000666,中国纺织机械和技术进出口有限公司
000666,中国纺织对外经济技术合作有限公司
000666,中国纺织机械和技术进出口有限公司
000666,恒天重工股份有限公司
000666,天津宏大纺织科技有限公司
000666,国机财务有限责任公司
000666,国机财务有限责任公司
000666,中国纺织机械和技术进出口有限公司
000666,恒天重工股份有限公司
000666,天津宏大纺织科技有限公司
000666,国机财务有限责任公司
000666,国机财务有限责任公司
000666,国机商业保理有限公司
603158,腾龙汽车零部件(香港)有限公司
603158,富莱克波兰有限公司
603158,江苏泽邦包装材料有限公司
603158,江苏泽邦包装材料有限公司
603158,常州富莱克汽车零部件制造有限公司
603158,常州富莱克汽车零部件制造有限公司
603158,常州富莱克汽车零部件制造有限公司
603956,曲靖康源水务有限责任公司
603956,水联网技术服务中心(北京)有限公司
603956,上海三高计算机中心股份有限公司
603956,阿拉善盟智联直饮水运营管理有限公司
603956,淄博威派格供水设备有限公司
603956,水联网技术服务中心(北京)有限公司
603956,曲靖康源水务有限责任公司
603956,广西贵港北控威派格供水服务有限公司
688226,江苏威腾新材料科技有限公司
688226,马克威尔(广州)电气有限公司
688226,马克威尔(广州)电气有限公司
688226,诺得物流股份有限公司
688226,诺得物流股份有限公司
600487,亨通财务有限公司
600487,西安西古光通信有限公司
600487,西安西古光通信有限公司
600487,浙江东通光网物联科技有限公司
600487,浙江东通光网物联科技有限公司
600487,江苏盈科光导科技有限公司
600487,江苏盈科光导科技有限公司
600487,江苏华脉光电科技有限公司
600487,江苏华脉光电科技有限公司
600487,江苏亨鑫科技有限公司
600487,亨通集团有限公司
600487,亨通集团有限公司
600487,亨通集团有限公司
600487,亨通集团有限公司
600487,亨通集团有限公司
600487,亨通集团有限公司
600487,云南联通新通信有限公司
600487,PT Voksel Electric Tbk.
600487,PT Voksel Electric Tbk.
600487,J-fiber Hengtong GmbH
600487,J-fiber Hengtong GmbH
600487,PT VOKSEL ELECTRIC TBK
600487,西安西古光通信有限公司
600487,西安西古光通信有限公司
600487,浙江东通光网物联科技有限公司
600487,浙江东通光网物联科技有限公司
600487,江苏盈科光导科技有限公司
600487,江苏盈科光导科技有限公司
600487,江苏华脉科技有限公司
600487,江苏亨鑫科技有限公司
600487,江苏亨鑫科技有限公司
600487,崔根良
600487,吴江亨通生态农业有限公司
600487,J-fiber Hengtong GmbH
600487,J-fiber Hengtong GmbH
600487,亨通集团有限公司
600487,亨通集团有限公司
600487,亨通集团有限公司
600487,亨通集团有限公司
600487,亨通集团有限公司
600487,亨通集团有限公司
600487,PT VOKSEL ELECTRIC TBK
600487,亨通慈善基金会
002795,制霸科技(浙江)有限公司
002795,应雪青
601226,中国华电集团有限公司经济技术咨询分公司
601226,钦州华电福新风力发电有限公司
601226,福建华电可门发电有限公司
601226,福建华电可门发电有限公司
601226,福建华电储运有限公司
601226,神木县隆德矿业有限责任公司
601226,湖南华电长沙发电有限公司
601226,湖南华电平江发电有限公司
601226,河北华电蔚州风电有限公司
601226,河北华电曹妃甸储运有限公司
601226,河北华电康保风电有限公司
601226,江苏华电句容发电有限公司
601226,汕头华电发电有限公司
601226,杭州华电半山发电有限公司
601226,新疆华电达坂城新能源有限公司
601226,新疆华电伊州热电有限责任公司
601226,广东华电福新阳江海上风电有限公司
601226,平果华电福新风力发电有限公司
601226,国电南京自动化股份有限公司
601226,四川盐源华电新能源有限公司
601226,哈尔滨热电有限责任公司
601226,厦门克利尔能源工程有限公司
601226,厦门克利尔能源工程有限公司
601226,华电重庆新能源有限公司奉节分公司
601226,华电重庆新能源有限公司
601226,华电郑州机械设计研究院有限公司
601226,华电邹县发电有限公司
601226,华电融资租赁有限公司
601226,华电章丘发电有限公司
601226,华电科左中旗风电有限公司
601226,华电福新池州风力发电有限公司
601226,华电福新江西宜春新能源有限公司
601226,华电福新武乡新能源有限公司
601226,华电福新山西五寨新能源有限公司
601226,华电电力科学研究院有限公司
601226,华电环球(北京)贸易发展有限公司
601226,华电潍坊发电有限公司
601226,华电滕州新源热电有限公司
601226,华电淄博热电有限公司
601226,华电忻州广宇煤电有限公司
601226,华电国际电力股份有限公司邹县发电厂
601226,华电国际电力股份有限公司莱城发电厂
601226,华电国际朔州热电分公司
601226,其他关联交易
601226,内蒙古华电红泥井风力发电有限公司
601226,中国华电科工集团有限公司
601226,上海华电电力发展有限公司望亭发电分公司
601226,华电国际电力股份有限公司天津开发区分公司
601226,华电和祥工程咨询有限公司
601226,北京华电万方管理体系认证中心
601226,中国华电科工集团有限公司
601226,江苏华电句容发电有限公司
601226,杭州华电半山发电有限公司
601226,新疆华电高昌热电有限公司
601226,新疆华电达坂城新能源有限公司
601226,新疆华电伊州热电有限责任公司
601226,广东华电福新阳江海上风电有限公司
601226,山西华电应县新能源有限公司
601226,天津军粮城发电有限公司
601226,国电南京自动化股份有限公司
601226,国电南京自动化股份有限公司
601226,四川盐源华电新能源有限公司
601226,南京国电南自新能源工程技术有限公司
601226,华电龙口发电股份有限公司
601226,华电重庆新能源有限公司奉节分公司
601226,华电郑州机械设计研究院有限公司
601226,华电邹县发电有限公司
601226,华电融资租赁有限公司
601226,华电莱州发电有限公司
601226,华电章丘发电有限公司
601226,华电福新江西宜春新能源有限公司
601226,华电福新广州能源有限公司
601226,华电福新山西定襄风力发电有限公司
601226,华电福新山西五寨新能源有限公司
601226,华电福新安庆风力发电有限公司
601226,华电福新(尤溪)新能源有限公司
601226,华电电力科学研究院有限公司
601226,华电环球(北京)贸易发展有限公司
601226,华电潍坊发电有限公司
601226,华电漯河发电有限公司
601226,华电滕州新源热电有限公司
601226,华电渠东发电有限公司
601226,华电淄博热电有限公司
601226,华电招标有限公司
601226,华电山东物资有限公司
601226,华电国际项目管理有限公司
601226,华电国际电力股份有限公司莱城发电厂
601226,华电国际电力股份有限公司天津开发区分公司
601226,华电国际电力股份有限公司十里泉发电厂
601226,华电国际宁夏新能源发电有限公司六盘山分公司
601226,华电和祥工程咨询有限公司
601226,华电丰镇市丰地风力发电有限公司
601226,华电(福建)风电有限公司
601226,华电(正镶白旗)新能源有限公司
601226,华电(正蓝旗)新能源有限公司
601226,北京华电万方管理体系认证中心
601226,内蒙古华电金源新能源有限公司
601226,其他关联采购
601226,其他关联交易
601226,丹东金山热电有限公司
601226,华电渠东发电有限公司
601226,华电淄博热电有限公司
601226,华电招标有限公司
601226,华电山东物资有限公司
601226,华电国际项目管理有限公司
601226,华电国际电力股份有限公司莱城发电厂
601226,华电国际电力股份有限公司天津开发区分公司
601226,华电国际电力股份有限公司十里泉发电厂
601226,华电国际宁夏新能源发电有限公司六盘山分公司
601226,华电和祥工程咨询有限公司
601226,华电丰镇市丰地风力发电有限公司
601226,华电(福建)风电有限公司
601226,华电(正镶白旗)新能源有限公司
601226,华电(正蓝旗)新能源有限公司
601226,北京华电万方管理体系认证中心
601226,内蒙古华电金源新能源有限公司
601226,其他关联采购
601226,其他关联交易
601226,丹东金山热电有限公司
601226,中国华电集团物资有限公司
002205,中国铁路物资天津有限公司
002205,广东海源管业有限公司
002205,新疆天山建材(集团)有限责任公司
002205,中国铁路物资华东集团有限公司
002205,武汉中铁伊通物流有限公司
002205,武汉中铁伊通物流有限公司
002205,新疆天山建材实业有限责任公司
002205,中铁现代物流科技股份有限公司广州分公司
002205,中铁物资鹰潭木材防腐有限公司
002205,中铁物总华东资源科技有限公司
002205,中铁物总供应链科技集团有限公司广州分公司
002205,中铁物总供应链科技集团有限公司广州分公司
002205,中铁物总供应链科技集团有限公司
002205,中铁物总供应链科技集团有限公司
002205,中国铁路物资成都有限公司
002205,中国铁路物资成都有限公司
002205,中国铁路物资天津有限公司
002205,中国铁路物资天津有限公司
002205,中国铁路物资哈尔滨物流有限公司
002205,中国铁路物资华东集团有限公司
300495,
300495,
300495,
300495,
300495,重庆金点园林有限公司
300495,
300495,
300495,
300495,
300495,
300495,
300495,
300495,
300495,
300495,
300495,
300495,
300495,
300495,
300495,
300495,
300495,
300495,
002780,
002780,
002780,
002561,
002561,
002315,南京焦点产业投资基金中心(有限合伙)
002315,江苏健康无忧网络科技有限公司
002315,南京市智慧医疗投资运营服务有限公司
002315,江苏中堃数据技术有限公司
002315,南京艾普太阳能设备有限公司
002315,南京焦点产业投资基金中心(有限合伙)
002315,南京焦点产业投资基金中心(有限合伙)
002315,江苏健康无忧网络科技有限公司
002315,江苏健康无忧网络科技有限公司
002315,南京焦点产业投资基金中心(有限合伙)
300971,李文革
300971,宁波丰年通达投资管理有限公司
300971,湖北浩天博能机电科技有限公司
300971,李文革
603218,宁波宏大电梯有限公司
603218,象山日顺机械有限公司
603218,宁波长风风能科技有限公司
603218,宁波欣达螺杆压缩机有限公司
603218,宁波市鄞州区旭兴联运有限公司
603218,宁波市鄞州凌嘉金属材
603218,宁波市鄞州东吴双华印刷厂
603218,
603218,宁波市鄞州凌嘉金属材料有限公司
603218,宁波市鄞州东吴双华印刷厂
603218,宁波市鄞州东吴凯虹模具厂
603218,象山日顺机械有限公司
603218,浙江海泰律师事务所
603218,宁波长风风能科技有限公司
603218,宁波长风风能科技有限公司
603218,宁波欣达螺杆压缩机有限公司
603218,宁波欣达螺杆压缩机有限公司
603218,宁波欣达螺杆压缩机有限公司
603218,宁波欣达电梯配件厂
603218,宁波市鄞州区旭兴联运有限公司
603218,宁波市鄞州区旭兴联运有限公司
002289,长沙宇顺触控技术有限公司
600311,武威荣华工贸集团有限公司
600311,武威荣华工贸集团有限公司
600311,武威荣华工贸集团有限公司
600311,武威荣华工贸集团有限公司
600311,武威荣华工贸集团有限公司
600311,武威荣华工贸集团有限公司
600335,一拖(洛阳)福莱格车身有限公司
600335,郑州磨料磨具磨削研究所有限公司
600335,西麦克国际展览有限责任公司
600335,西门子电气传动有限公司
600335,苏美达国际技术贸易有限公司
600335,第一拖拉机股份有限公司
600335,第一拖拉机股份有限公司
600335,洛阳轴承研究所有限公司
600335,洛阳智能农业装备研究院有限公司
600335,河南中昌置业有限公司
600335,江苏苏美达五金工具有限公司
600335,机械工业第六设计研究院有限公司
600335,机械工业勘察设计研究院有限公司
600335,天津工程机械研究院有限公司
600335,国机资产管理有限公司
600335,国机财务有限责任公司
600335,国机财务有限责任公司
600335,国机财务有限责任公司
600335,国机财务有限责任公司
600335,国机融资租赁有限公司
600335,国机联合(北京)工程管理有限公司
600335,中国机械工业集团有限公司
600335,国机智骏汽车有限公司
600335,国机智骏汽车有限公司
600335,北京卓众文化传媒有限公司
600335,北京卓众出版有限公司
600335,中机国际工程设计研究院有限责任公司
600335,中国轴承进出口有限公司
600335,中国电器科学研究院股份有限公司
600335,中国机械设备工程股份有限公司
600335,中国机械工业集团有限公司所属企业
600335,中国机械工业集团有限公司所属企业
600335,中国机械工业集团有限公司所属企业
600335,中国机械工业集团有限公司所属企业
600335,中国机械工业集团有限公司所属企业
600335,中国机械工业集团有限公司所属企业
600335,中国机械工业集团有限公司所属企业
600335,中国机械工业集团有限公司所属企业
600335,中国机械工业集团有限公司所属企业
600335,中国机械工业集团有限公司所属企业
600335,中国机械工业集团有限公司所属企业
600335,中国机械工业第四建设工程有限公司
600335,中国机械工业建设集团有限公司
600335,中国机械国际合作股份有限公司
600335,中国机械国际合作股份有限公司
600335,中国三安建设集团有限公司
600335,中国一拖集团有限公司
600335,一拖(洛阳)铸锻有限公司
000957,清智汽车科技(苏州)有限公司
000957,扬州亚星客车股份有限公司
000957,山推(德州)工程机械有限公司
000957,山东通洋氢能动力科技有限公司
000957,山东省交通工业集团控股有限公司
000957,山东潍柴进出口有限公司
000957,中通汽车工业集团有限公司
000957,中通新能源汽车有限公司
000957,中通新能源汽车有限公司
000957,中国重汽集团济南豪沃客车有限公司
000957,中国重汽集团杭州发动机有限公司
000957,中国重汽集团国际有限公司
000957,陕西法士特齿轮有限责任公司
000957,潍柴动力股份有限公司
000957,潍柴动力股份有限公司
000957,潍柴(扬州)亚星新能源商用车有限公司
000957,中国重汽集团国际有限公司
000957,陕西法士特齿轮有限责任公司
000957,陕西法士特齿轮有限责任公司
000957,潍柴动力股份有限公司
000957,潍柴动力股份有限公司
000957,潍柴动力股份有限公司
000957,潍柴(扬州)亚星新能源商用车有限公司
000957,扬州亚星客车股份有限公司
000957,扬州亚星客车股份有限公司
000957,德州德工机械有限公司
000957,山重融资租赁有限公司
000957,山推(德州)工程机械有限公司
000957,山东重工集团财务有限公司
000957,山东通洋氢能动力科技有限公司
000957,山东省交通工业集团控股有限公司
000957,山东省交通工业集团控股有限公司
000957,山东潍柴进出口有限公司
000957,山东潍柴进出口有限公司
000957,山东汽车制造有限公司
000957,中通钢构股份有限公司
000957,中国重汽集团济南豪沃客车有限公司
000957,中通汽车工业集团有限责任公司
000957,中通汽车工业集团有限公司
000957,中通新能源汽车有限公司
000957,中通新能源汽车有限公司
000957,中通新能源汽车有限公司
000957,中国重汽集团绵阳专用汽车有限公司
000957,中国重汽济南动力有限公司
300782,上海山景集成电路股份有限公司
002855,东莞华誉精密技术有限公司
002855,苏州捷荣模具科技有限公司
002855,苏州捷荣模具科技有限公司
002855,深圳长城开发科技股份有限公司
002855,深圳长城开发科技股份有限公司
002855,深圳长城开发科技股份有限公司
002855,深圳长城开发科技股份有限公司
002855,东莞华誉精密技术有限公司
002337,TST INNOVATION PTE.LTD.
002337,TST INNOVATION PTE.LTD.
002337,TST Europe B.V.
002337,天津市鹰泰利安康医疗科技有限责任公司
002337,天津市鹰泰利安康医疗科技有限责任公司
002337,天津壹云国际贸易有限公司
002337,TST Europe B.V.
002337,天津市鹰泰利安康医疗科技有限责任公司
002337,天津市鹰泰利安康医疗科技有限责任公司
002337,天津壹云国际贸易有限公司
002337,TST INNOVATION PTE.LTD.
002337,TST INNOVATION PTE.LTD.
002337,TST Europe B.V.
002337,天津市鹰泰利安康医疗科技有限责任公司
002337,天津市鹰泰利安康医疗科技有限责任公司
002337,天津市鹰泰利安康医疗科技有限责任公司
002337,天津市鹰泰利安康医疗科技有限责任公司
002337,天津壹云国际贸易有限公司
002337,天津壹云国际贸易有限公司
002337,TST INNOVATION PTE.LTD.
002337,TST INNOVATION PTE.LTD.
002337,TST INNOVATION PTE.LTD.
002337,TST INNOVATION PTE.LTD.
002337,TST Europe B.V.
002337,TST Europe B.V.
002337,天津市鹰泰利安康医疗科技有限责任公司
002337,天津市鹰泰利安康医疗科技有限责任公司
002337,天津市鹰泰利安康医疗科技有限责任公司
002337,天津壹云国际贸易有限公司
002337,TST INNOVATION PTE.LTD.
002337,TST INNOVATION PTE.LTD.
002337,TST Europe B.V.
002909,广东光泰激光科技有限公司
002909,广州广从物流有限公司
002909,广州市安泰化学有限公司
002909,广州宏途数字科技有限公司
002909,广州宏途数字科技有限公司
002909,广州中吉承天光伏科技有限公司
002909,广东光泰激光科技有限公司
002909,广东光泰激光科技有限公司
002909,广东光泰激光科技有限公司
002909,广州广从物流有限公司
002909,广州广从物流有限公司
002909,广州市安泰化学有限公司
002909,广州市安泰化学有限公司
002909,广州市仁安包装有限公司
002909,广州宏途教育网络科技有限公司
002909,广州宏途教育网络科技有限公司
002909,广州宏途教育网络科技有限公司
002909,广州宏途教育网络科技有限公司
002909,广州中吉承天光伏科技有限公司
002909,广州中吉承天光伏科技有限公司
002909,广东光泰激光科技有限公司
002909,广东光泰激光科技有限公司
002909,广东光泰激光科技有限公司
002909,广东光泰激光科技有限公司
002909,广东光泰激光科技有限公司
002181,广州日报社
002181,广州日报社
002181,广州传媒控股有限公司
002181,广州日报社及子公司或附属单位
002181,广州日报社及子公司或附属单位
002181,广州日报社及子公司或附属单位
002181,广州日报社及子公司或附属单位
002181,广州日报社及子公司或附属单位
002181,广州日报社及子公司或附属单位
002181,广州日报社及子公司或附属单位
002181,广州日报社及子公司或附属单位
002181,广州日报社及子公司或附属单位
002181,广州日报社及子公司或附属单位
002181,广州日报社及子公司或附属单位
002181,广州日报社及子公司或附属单位
002181,广州日报社
002181,广州日报社
002181,广州日报社
600390,中冶国际投资发展有限公司
600390,绵阳市商业银行股份有限公司
600390,绵阳市商业银行股份有限公司
600390,安信基金管理有限责任公司
600390,北京第五广场置业有限公司
600390,五矿集团财务有限责任公司
600390,五矿有色金属股份有限公司
600390,五矿钢铁天津有限公司
600390,五矿有色金属股份有限公司
600390,五矿创新投资有限公司
600390,中国矿产有限责任公司
600390,
600390,中国五矿股份有限公司
600390,中冶置业集团有限公司
600390,中冶置业集团有限公司
600390,绵阳市商业银行股份有限公司
600390,绵阳市商业银行股份有限公司
600390,绵阳市商业银行股份有限公司
600390,绵阳市商业银行股份有限公司
600390,绵阳市商业银行股份有限公司
600390,湖南长远锂科股份有限公司
600390,安信基金管理有限责任公司
600390,北京第五广场置业有限公司
600390,五矿集团财务有限责任公司
600390,五矿集团财务有限责任公司
600390,五矿集团财务有限责任公司
002014,黄山三夏精密机械有限公司
002014,黄山精工凹印制版有限公司
002014,黄山精工凹印制版有限公司
002014,黄山源点新材料科技有限公司
002014,黄山源点新材料科技有限公司
002014,黄山市华兴商务管理有限公司
002014,黄山天马铝业有限公司
002014,黄山中泽新材料有限公司
002014,黄山三夏精密机械有限公司
002014,黄山精工凹印制版有限公司
002014,黄山精工凹印制版有限公司
002014,黄山精工凹印制版有限公司
002014,黄山精工凹印制版有限公司
002014,黄山源点新材料科技有限公司
002014,黄山源点新材料科技有限公司
002014,黄山源点新材料科技有限公司
002014,黄山源点新材料科技有限公司
002014,黄山市华兴商务管理有限公司
002014,黄山市华兴商务管理有限公司
002014,黄山天马铝业有限公司
002014,黄山天马铝业有限公司
002014,黄山中泽新材料有限公司
002014,黄山中泽新材料有限公司
002014,黄山三夏精密机械有限公司
600225,张坤宇
600225,天津卓朗科技发展有限公司
600225,天津市巨安物业发展有限公司
600225,天津隆创物业管理有限公司
600225,天津市松江科技发展股份有限公司
600225,天津市政建设集团有限公司
605366,乐平东豪气体有限责任公司
605366,江西世龙实业股份有限公司
605366,江西世龙实业股份有限公司
605366,乐平东豪气体有限责任公司
605366,江西世龙实业股份有限公司
605366,江西世龙实业股份有限公司
605366,乐平市宝兰置业有限公司
601798,中国国机重工集团有限公司
601798,
601798,
601798,
601798,海洋石油工程股份有限公司
601798,国机重型装备集团股份有限公司
601798,
601798,
600520,铜陵市三佳电子(集团)有限责任公司
600520,铜陵市三佳电子(集团)有限责任公司
600520,日本山田尖端科技株式会社
600520,实际控制人控制的其他企业
688685,
688685,
688685,
688685,
688685,
688685,
688685,
688685,
688685,
688685,苏州金美鑫科技有限公司
688685,苏州金美鑫科技有限公司
000678,四川三环恒力车桥有限公司
000678,湖北三环铸造股份有限公司
000678,湖北三环车桥有限公司
000678,湖北三环易信供应链有限公司
000678,湖北三环制动器有限公司
000678,四川三环恒力车桥有限公司
000678,襄阳市三环佳通汽车有限公司
000678,襄阳三环鸿通汽车销售服务有限公司
000678,襄阳三环辰通汽车有限公司
000678,湖北三环铸造股份有限公司
000678,湖北三环铸造股份有限公司
000678,湖北三环车桥有限公司
000678,湖北三环车桥有限公司
000678,湖北三环易信供应链公司
000678,湖北三环易信供应链公司
000678,湖北三环数据系统有限公司
000678,湖北三环国际股份有限公司
000678,湖北三环制动器有限公司
000678,湖北三环制动器有限公司
000678,四川三环恒力车桥有限公司
300456,北京耐威科技有限公司
300456,青州耐威航电科技有限公司
300456,穆林
300456,
300456,北京芯领航通科技有限公司
300456,北京芯领航通科技有限公司
300456,北京丝路通用航空有限公司
300456,青州锐达电子科技有限公司
300456,青州聚能国际半导体制造有限公司
300456,青州耐威航电科技有限公司
300456,青州耐威航电科技有限公司
300456,穆林
300456,
300566,宁波勤邦新材料科技有限公司
300566,浦诺菲新材料有限公司
300566,浦诺菲新材料有限公司
300566,浦诺菲新材料有限公司
300566,浦诺菲新材料有限公司
300566,宁波勤邦新材料科技有限公司
300566,浦诺菲新材料有限公司
300566,浦诺菲新材料有限公司
300566,浦诺菲新材料有限公司
300566,浦诺菲新材料有限公司
300566,浦诺菲新材料有限公司
300566,浦诺菲新材料有限公司
300566,浦诺菲新材料有限公司
300566,
300566,宁波勤邦新材料科技有限公司
300566,宁波勤邦新材料科技有限公司
300566,宁波勤邦新材料科技有限公司
300566,宁波勤邦新材料科技有限公司
300566,浦诺菲新材料有限公司
300566,浦诺菲新材料有限公司
300566,浦诺菲新材料有限公司
300566,宁波长阳科技股份有限公司
000606,嘉兴瑞丰投资开发有限公司
300780,德恩精工(屏山)有限公司
300780,四川丹齿精工科技有限公司
300780,江苏优智享智能制造有限公司
300780,江苏优智享智能制造有限公司
300780,成都弘林机械有限公司
300780,成都市益路通贸易有限公司
300780,四川青神农村商业银行股份有限公司
300780,四川青神农村商业银行股份有限公司
688260,上海吉塚电子有限公司
688260,上海吉塚电子有限公司
688260,上海吉塚电子有限公司
688260,上海吉塚电子有限公司
600769,武汉国华资产管理有限公司
600769,武汉葛化集团有限公司
600769,武汉葛化集团有限公司
600769,武汉葛化物流有限公司
600769,武汉葛化建设投资发展有限公司
600769,武汉葛化实业有限责任公司
600769,武汉国华资产管理有限公司
600769,武汉葛化集团有限公司
600769,武汉葛化集团有限公司
600769,武汉葛化建设投资发展有限公司
600769,武汉葛化实业有限责任公司
300420,
300420,
300420,徐州苏兴金属材料有限公司
300420,
301125,南京腾亚实业集团有限公司
301125,南京腾亚机器人科技有限公司
002865,开封河西汽车饰件有限公司
002865,重庆森迈汽车配件有限公司
002865,苏州新中达汽车饰件有限公司
002865,苏州新中达汽车饰件有限公司
002865,武汉河达汽车饰件有限公司
002865,上饶市宏富光伏产业中心(有限合伙)
002865,开封河西汽车饰件有限公司
002865,重庆森迈汽车配件有限公司
002865,重庆森迈汽车配件有限公司
002865,苏州新中达汽车饰件有限公司
002865,苏州新中达汽车饰件有限公司
002865,武汉河达汽车饰件有限公司
002865,武汉河达汽车饰件有限公司
002865,开封河西汽车饰件有限公司
002865,重庆森迈汽车配件有限公司
002865,重庆森迈汽车配件有限公司
002865,苏州新中达汽车饰件有限公司
002865,苏州新中达汽车饰件有限公司
002865,武汉河达汽车饰件有限公司
002865,武汉河达汽车饰件有限公司
002865,海南杨氏家族科技投资有限公司
300237,潍坊市城市建设发展投资集团有限公司
300237,潍坊市城市建设发展投资集团有限公司
300237,潍坊市城市建设发展投资集团有限公司
300237,山东银杏花朝文化旅游有限公司
300237,赛石集团有限公司
300237,赛石集团有限公司
300237,赛石集团有限公司
300237,虹越花卉股份有限公司及控股子公司
300237,浙江德晨旅游开发有限公司
300243,
688036,ELIFE SYSTEMS LIMITED(坦桑尼亚)
688036,YIWILL DEVELOPMENT LIMITED(香港)
688036,HYPHENLINK DEVELOPMENT HKTZ LIMITED(香港)
002915,新昌县白云大酒店有限公司
002915,白云环境建设有限公司
002915,浙江新昌白云山庄有限公司
002915,浙江大齐机械有限公司
002915,新昌白云人家农副产品配送服务有限公司
002915,新昌县白云文化艺术村有限公司
002915,新昌县白云大酒店有限公司
002915,白云环境建设有限公司
002915,白云环境建设有限公司
002915,浙江新昌白云山庄有限公司
002915,浙江新昌白云山庄有限公司
002915,浙江奥翔药业股份有限公司
002915,浙江大齐机械有限公司
002915,浙江大齐机械有限公司
002915,新昌白云人家农副产品配送服务有限公司
002915,新昌白云人家农副产品配送服务有限公司
002915,新昌县白云文化艺术村有限公司
002915,新昌县白云文化艺术村有限公司
002915,新昌县白云大酒店有限公司
605389,江阴长龄物贸有限公司
605389,江阴长龄物贸有限公司
002024,上海星图金融服务集团有限公司
002024,阿里巴巴集团
002024,阿里巴巴集团
002024,阿里巴巴集团
002024,苏宁置业集团有限公司
002024,苏宁置业集团有限公司
002024,苏宁置业集团有限公司
002024,上海星图金融服务集团有限公司
002024,上海星图金融服务集团有限公司
002024,上海星图金融服务集团有限公司
002024,上海星图金融服务集团有限公司
002024,上海星图金融服务集团有限公司
002024,阿里巴巴集团子公司
002024,阿里巴巴集团
002024,阿里巴巴集团
002024,阿里巴巴集团
002024,阿里巴巴集团
002024,阿里巴巴集团
002024,苏宁院线投资(北京)有限公司
002024,苏宁置业集团有限公司及子公司
002024,苏宁置业集团有限公司
002024,苏宁置业集团有限公司
002024,苏宁置业集团有限公司
002024,苏宁智能科技服务有限公司及下属子公司
002024,苏宁控股集团有限公司下属子公司
002024,苏宁控股集团有限公司下属子公司
002024,江苏银河物业管理有限公司
002024,日本LAOX株式会社
002024,上海苏宁金融服务集团有限公司及下属子公司
002024,上海苏宁金融服务集团有限公司及下属子公司
002024,上海苏宁金融服务集团有限公司及下属子公司
002024,上海苏宁金融服务集团有限公司及下属子公司
002024,上海苏宁金融服务集团有限公司及下属子公司
002024,上海苏宁金融服务集团有限公司及下属子公司
002024,上海苏宁金融服务集团有限公司及下属子公司
002024,上海苏宁金融服务集团有限公司及下属子公司
002024,上海苏宁金融服务集团有限公司及下属子公司
002024,上海星图金融服务集团有限公司
002024,上海星图金融服务集团有限公司
002024,上海星图金融服务集团有限公司
688223,晶科电力科技股份有限公司
688223,晶科电力科技股份有限公司
688223,晶科电力科技股份有限公司
688223,晶科电力科技股份有限公司
688223,晶科电力科技股份有限公司
688223,新疆大全新能源股份有限公司
688223,晶科电力科技股份有限公司
688223,晶科电力科技股份有限公司
688223,晶科电力科技股份有限公司
688223,晶科电力科技股份有限公司
688223,晶科电力科技股份有限公司
688223,晶科电力科技股份有限公司
688223,晶科电力科技股份有限公司
688223,晶科电力科技股份有限公司
688223,晶科电力科技股份有限公司
688223,JinkoSolar Holding Co.
688223,上饶市卓安传动科技有限公司
688223,江苏晶科天晟能源有限公司
688223,江西中昱新材料科技有限公司
688223,江西金诺供应链管理有限公司
688223,江西金诺供应链管理有限公司
688223,浙江新瑞欣科技股份有限公司
688223,金源华兴融资租赁有限公司
688223,金源华兴融资租赁有限公司
603667,合肥金工投资有限公司
603667,四川长虹空调有限公司
603667,南京钢铁有限公司
603667,南京钢铁有限公司
603667,浙江江辰智能化装备有限公司
603667,浙江江辰智能化装备有限公司
603667,浙江江辰智能化装备有限公司
603667,浙江江辰智能化装备有限公司
603667,浙江江辰智能化装备有限公司
603667,浙江新春投资咨询有限公司
603667,浙江恒鹰动力科技股份有限公司
603667,浙江恒鹰动力科技股份有限公司
603667,浙江恒鹰动力科技股份有限公司
603667,江苏南钢环宇贸易有限公司
603667,新昌县捷成机械有限公司
603667,新昌县捷成机械有限公司
603667,新昌县捷成机械有限公司
603667,新昌县捷成机械有限公司
603667,嵊州市莫拉克纸业有限公司
603667,嵊州市莫拉克纸业有限公司
603667,嵊州市恒鹰动力科技有限公司
603667,嵊州市恒鹰动力科技有限公司
603667,四川长虹空调有限公司
603667,四川长虹空调有限公司
603667,四川长虹空调有限公司
603667,四川长虹空调有限公司
603667,四川长虹空调有限公司
603667,四川长虹包装印务有限公司
603667,四川长虹包装印务有限公司
603667,合肥金工投资有限公司
603667,合肥金工投资有限公司
603667,南阳勤大钢管科技有限公司
603667,南京钢铁股份有限公司
603667,南京钢铁股份有限公司
603667,南京钢铁有限公司
300680,柳州致盛汽车电子有限公司
300680,无锡福航精密制造有限公司
300680,柳州致盛汽车电子有限公司
300680,
688239,
688239,
002197,深圳盛灿科技股份有限公司
002197,深圳市通新源物业管理有限公司
002197,深圳市通新源物业管理有限公司
002197,深圳盛灿科技股份有限公司
688262,北京兆易创新科技股份有限公司
688262,江苏意源科技有限公司
688262,苏州微五科技有限公司
688262,苏州微五科技有限公司
301263,广东气味定制化妆品有限公司
301263,广州优优文化产业发展有限公司
301263,广州优优文化产业发展有限公司
301263,广东气味定制化妆品有限公司
301263,广东气味定制化妆品有限公司
301263,广东气味定制化妆品有限公司
301263,广东气味定制化妆品有限公司
301263,广东气味定制化妆品有限公司
301263,广州优优文化产业发展有限公司
301263,广州优优文化产业发展有限公司
301099,
002334,深圳市英威腾光伏科技有限公司
002334,深圳市英威腾电动汽车驱动技术有限公司
600780,晋能快成物流科技有限公司
600780,晋能快成物流科技有限公司
600780,山西西山晋兴能源有限责任公司
600780,山西西山晋兴能源有限责任公司
600780,山西汾西矿业(集团)有限责任公司
600780,山西汾西矿业(集团)有限责任公司
600780,山西国际电力集团有限公司
600780,山西国际电力集团有限公司
600780,山西国际电力资产管理有限公司
600780,山西国际电力资产管理有限公司
600780,山西国际电力物业管理有限公司
600780,山西国际电力物业管理有限公司
600780,山西同煤电力环保科技有限公司
600780,山西同煤电力环保科技有限公司
600780,太原煤炭交易市场(有限公司)
600780,太原煤炭交易市场(有限公司)
600780,华晋焦煤有限责任公司
600780,华晋焦煤有限责任公司
600780,霍州煤电集团吕梁山煤电有限公司
600780,霍州煤电集团吕梁山煤电有限公司
600780,霍州煤电集团吕临能化有限公司
600780,霍州煤电集团吕临能化有限公司
600780,阳泉煤业化工集团供销有限责任公司
600780,阳泉煤业化工集团供销有限责任公司
600780,晋能电力集团售电有限公司
600780,晋能电力集团售电有限公司
600780,晋能控股装备制造集团金鼎山西煤机有限责任公司
600780,晋能控股电力集团有限公司燃料分公司
600780,晋能控股电力集团有限公司燃料分公司
600780,晋能控股电力集团有限公司所属企业
600780,晋能控股电力集团有限公司所属企业
300893,余姚市宽杰包装制品有限公司
300893,宁波益德新材料有限公司
300893,余姚市牟山镇坚洪气阀五金厂(普通合伙)
300893,余姚市松益汽配铸造厂(普通合伙)
300893,余姚市杰鸿木制品厂(普通合伙)
300893,余姚市宽杰包装制品有限公司
300893,余姚市宽杰包装制品有限公司
300893,宁波益德新材料有限公司
300893,宁波益德新材料有限公司
300893,余姚市牟山镇坚洪气阀五金厂(普通合伙)
300893,余姚市牟山镇坚洪气阀五金厂(普通合伙)
300893,余姚市松益汽配铸造厂(普通合伙)
300893,余姚市松益汽配铸造厂(普通合伙)
300893,余姚市杰鸿木制品厂(普通合伙)
300893,余姚市杰鸿木制品厂(普通合伙)
300893,余姚市宽杰包装制品有限公司
002592,南宁全世泰汽车零部件有限公司
002592,南宁全世泰汽车零部件有限公司
002592,南宁全世泰汽车零部件有限公司
002592,南宁全世泰汽车零部件有限公司
002592,南宁全世泰汽车零部件有限公司
002592,南宁全世泰汽车零部件有限公司
002592,王安祥
002592,杰玛雷明生物科技(上海)有限公司
002592,南宁全世泰汽车零部件有限公司
002592,南宁全世泰汽车零部件有限公司
002592,南宁全世泰汽车零部件有限公司
002592,南宁全世泰汽车零部件有限公司
002592,南宁全世泰汽车零部件有限公司
002592,南宁全世泰汽车零部件有限公司
002592,南宁全世泰汽车零部件有限公司
002592,南宁全世泰汽车零部件有限公司
002592,南宁全世泰汽车零部件有限公司
603191,四川明珠电工材料有限责任公司
603191,独山鑫源实业开发有限公司
603191,瓮安县明辉水电开发有限公司
603191,福泉市金山电力开发有限责任公司
603191,重庆涪陵电力实业股份有限公司
603191,重庆能投长寿经开区售电有限公司
603191,黔南剑宏物业服务有限责任公司
300772,浙江省机电集团有限公司的子公司
300772,中节能风力发电股份有限公司的子公司
300772,中国电建集团成都勘测设计研究院有限公司
300772,浙江省机电集团有限公司的子公司
300772,机电集团控制的企业
300772,中节能风力发电股份有限公司的子公司
300772,中节能实业发展有限公司
300772,浙江省机电集团有限公司的子公司
300772,节能风电
300772,节能风电
300772,浙江省机电集团有限公司控制的其他企业
300772,浙江省机电产品质量检测所
300772,浙江省军工集团有限公司
300772,浙江省军工集团有限公司
300772,浙江新华机械制造有限公司
300772,浙江新华机械制造有限公司
300772,浙江华昌液压机械有限公司
300772,浙江华昌液压机械有限公司
000919,南京人民印刷厂有限责任公司
000919,南京益同药业有限公司
000919,南京新工投资集团有限责任公司
000919,南京医药股份有限公司
000919,南京医药股份有限公司
000919,南京人民印刷厂有限责任公司
000919,江苏宝庆珠宝有限公司
000919,南京益同药业有限公司
000919,南京梅山医院有限责任公司
000919,南京新工投资集团有限责任公司
000919,南京医药股份有限公司
000919,南京医药股份有限公司
000919,池州东升药业有限公司
000919,洪荷芳
000919,南京医药股份有限公司及下属子公司
000919,南京艾德凯腾生物医药有限责任公司
000919,南京艾德凯腾生物医药有限责任公司
000919,南京益同药业有限公司
000919,南京医药股份有限公司及下属子公司
300044,深圳前海俊涵科技有限公司
002559,江苏疌泉亚威沣盈智能制造产业基金(有限合伙)
002559,LIS Co.
002559,LIS Co.
002559,LIS Co.
002559,LIS Co.
002559,曼弗莱德智能制造(江苏)有限公司
002559,曼弗莱德智能制造(江苏)有限公司
002559,LIS Co.
002559,LIS Co.
002559,曼弗莱德智能制造(江苏)有限公司
002559,LIS Co.
000548,长沙环路建设开发集团有限公司
000548,长沙环路建设开发集团有限公司
000548,长沙环路建设开发集团有限公司
000548,长沙环路建设开发集团有限公司
000548,长沙环路建设开发集团有限公司
000548,长沙环路建设开发集团有限公司
000548,长沙环路建设开发集团有限公司
000548,长沙环路建设开发集团有限公司
000548,长沙环路建设开发集团有限公司
000548,长沙环路建设开发集团有限公司
000548,长沙环路建设开发集团有限公司
000548,长沙环路建设开发集团有限公司
600810,河南神马催化科技股份有限公司
600810,河南神马催化科技股份有限公司
600810,河南硅烷科技发展股份有限公司
600810,河南泉象实业有限公司
600810,河南惠润化工科技股份有限公司
600810,河南平煤神马环保节能有限公司
600810,河南平煤神马东大化学有限公司
600810,河南天通电力有限公司
600810,河南天工科技股份有限公司
600810,河南兴平工程管理有限公司
600810,河南中鸿集团煤化有限公司
600810,平顶山神马医院
600810,平顶山市金宏普恩电子材料有限责任公司
600810,平顶山市金宏普恩电子材料有限责任公司
600810,平顶山市科盈化工有限公司
600810,平顶山市神马万里化工股份有限公司
600810,平顶山市神马万里化工股份有限公司
600810,平顶山市神马万里化工股份有限公司
600810,平顶山市神马万里化工股份有限公司
600810,平顶山市瑞联化工有限责任公司
600810,平顶山市普恩科技有限公司
600810,平顶山市普恩科技有限公司
600810,平顶山市普恩科技有限公司
600810,平顶山市普恩科技有限公司
600810,平顶山市东南热能有限责任公司
600810,平顶山天安煤业股份有限公司
600810,平煤神马美国有限公司
600810,平煤神马建工集团有限公司
600810,平煤神马建工集团有限公司
600810,博列麦纤维有限公司
600810,中平贸易株式会社
600810,中平信息技术有限责任公司
600810,中国平煤神马集团联合盐化有限公司
600810,中国平煤神马集团焦化销售有限公司
600810,中国平煤神马集团尼龙科技有限公司
600810,中国平煤神马集团尼龙科技有限公司
600810,中国平煤神马集团国际贸易有限公司
600810,中国平煤神马控股集团有限公司
600810,上海神马帘子布有限责任公司
600810,中国平煤神马能源化工集团有限责任公司招标采购中心
600810,《中国平煤神马报》社有限公司
600810,中国平煤神马集团天源新能源有限公司
600810,深圳市神马化工有限公司
600810,河南神马隆腾新材料有限公司
600810,河南神马泰极纸业有限责任公司
600810,河南神马氯碱发展有限责任公司
600810,河南神马氯碱发展有限责任公司
600810,河南神马氯碱化工股份有限公司
600810,河南神马普利材料有限公司
600810,河南神马普利材料有限公司
600810,河南神马催化科技股份有限公司
600810,中国平煤神马集团尼龙科技有限公司
301256,公司实际控制人控制的其他子公司
301256,公司实际控制人控制的其他子公司
301256,四川希望水电开发有限公司
301256,四川希望水电开发有限公司
301256,新希望六和股份有限公司
301256,新希望六和股份有限公司
301256,新希望化工投资有限公司
301256,甘肃金川新融化工有限公司
301256,草根知本集团有限公司
603839,零到七贸易(上海)有限公司
300730,中南大学
300730,费耀平
300730,湖南财信数字科技有限公司
300730,中南大学
300730,费耀平
300730,费耀平
300730,湖南财信数字科技有限公司
300730,中南大学
000889,北京博升优势科技发展有限公司
000889,北京中天嘉华管理咨询有限公司
000889,北京中天嘉华保险代理有限公司
002896,浙江传习机器人有限公司
002896,Nerve Motor Co.
002896,Nerve Motor Co.
002896,浙江传习机器人有限公司
002896,那步马达株式会社
002896,那步马达株式会社
002896,
002896,
002896,Nerve Motor Co.
002896,Nerve Motor Co.
002896,浙江传习机器人有限公司
002241,青岛同歌一期创业投资基金合伙企业(有限合伙)
002241,北京驭光科技发展有限公司
002241,歌尔集团有限公司
002241,歌尔集团有限公司
002241,歌尔集团有限公司
002241,歌尔集团有限公司
002241,歌尔集团有限公司
002241,歌尔集团有限公司
002241,歌尔集团有限公司
002241,歌尔集团有限公司
002241,歌尔集团有限公司
002241,歌尔集团有限公司
002241,歌尔集团有限公司
002241,歌尔集团有限公司
002241,歌尔集团有限公司
002241,歌尔集团有限公司
002241,歌尔集团有限公司
002241,歌尔集团有限公司
600698,哈尔滨东安汽车发动机制造有限公司
600698,重庆长安汽车股份有限公司
600698,重庆嘉陵全域机动车辆有限公司
600698,江铃汽车股份有限公司
688281,江苏图南合金股份有限公司
688281,陕西华秦新能源科技有限责任公司
688281,陕西华秦新能源科技有限责任公司
688281,陕西华秦新能源科技有限责任公司
688281,陕西华秦新能源科技有限责任公司
300554,
300670,南京明昭投资管理有限公司
300670,陈杰
300670,江苏中孚电力工程设计有限公司
300670,天津铧景零壹船舶租赁有限公司
300551,上海译会信息科技有限公司
300551,武汉优品楚鼎科技有限公司
300551,智顾时代(北京)科技有限公司
300551,内蒙古电子口岸股份有限公司
300551,内蒙古电子口岸股份有限公司
300551,武汉优品楚鼎科技有限公司
300551,上海译会信息科技有限公司
300551,上海致宇信息技术有限公司
300551,上海方立数码科技有限公司
300926,
300416,苏试宜特(上海)检测技术股份有限公司
003004,
605020,浙江永启企业管理有限公司
605020,衢州南高峰化工股份有限公司
003036,新昌县泰坦国际大酒店有限公司
003036,新昌县泰坦国际大酒店有限公司
003036,绍兴泰坦投资股份有限公司
000571,Lorsinal S.A.
603358,吴江市新申铝业科技发展有限公司
603358,江苏春绿机械制造有限公司
002537,
600452,中国电力财务有限公司
600452,国网绿色能源有限公司
600452,重庆川东电力集团有限责任公司
600452,重庆川东电力集团有限责任公司
600452,国网(北京)综合能源规划设计研究院有限公司
600452,国家电网有限公司
600452,国家电网有限公司
600452,国家电网有限公司
600452,国家电网有限公司
600452,国家电网有限公司
600452,国家电网有限公司
300611,
300611,大圆钢业株式会社
300611,大圆钢业株式会社
300611,大圆钢业株式会社
300611,大圆钢业株式会社
300611,
300611,大圆钢业株式会社
300611,大圆钢业株式会社
300611,大圆钢业株式会社
300611,大圆钢业株式会社
300611,大圆钢业株式会社
600522,中天科技集团上海国际贸易有限公司
600522,江苏东泽源环境科技有限公司
600522,江苏东泽源环境科技有限公司
600522,四川天府江东科技有限公司
600522,四川天府江东科技有限公司
600522,中天科技集团有限公司
600522,中天科技集团上海国际贸易有限公司
600522,中天科技集团有限公司
600522,中天科技集团有限公司
600522,ZTT TELEKOM JV LLC
600522,江苏中天互联科技有限公司
600522,山西中天互联科技有限公司
600522,山西中天互联科技有限公司
600522,如东和风海上风力发电有限公司
600522,如东中天黄海大酒店有限公司
600522,如东中天黄海大酒店有限公司
600522,国网江苏综合能源服务有限公司
600522,四川码联科技有限公司
600522,四川码联科技有限公司
600522,四川天府江东科技有限公司
600522,四川天府江东科技有限公司
600522,南通江东物流有限公司
600522,南通江东物流有限公司
600522,南通中天黄海大酒店有限公司
600522,南通中天黄海大酒店有限公司
600522,南通中天建设工程有限公司
600522,南通中天建设工程有限公司
600522,中天科技集团有限公司
600522,中天科技集团上海亚东供应链管理有限公司
600522,中天科技集团上海亚东供应链管理有限公司
600522,中天科技研究院有限公司
600522,中天科技研究院有限公司
600522,中天电气技术有限公司
600522,中天电气技术有限公司
600522,中天智能装备有限公司
600522,中天智能装备有限公司
600522,中天新兴材料有限公司
600522,中天新兴材料有限公司
600522,中天亚东供应链管理南通有限公司
600522,中天亚东供应链管理南通有限公司
600522,中天上材增材制造有限公司
600522,中天上材增材制造有限公司
600522,中国能源建设集团湖南省电力设计院有限公司
600522,中交信通网络科技有限公司
600522,上海源威建设工程有限公司
600522,上海源威建设工程有限公司
600522,上海昱品通信科技股份有限公司
600522,上海昱品通信科技股份有限公司
600522,上海亚东盛国际物流有限公司
600522,上海亚东盛国际物流有限公司
600522,中天智能装备有限公司
600522,中天智能装备有限公司
600522,中天新兴材料有限公司
600522,中天新兴材料有限公司
600522,中天亚东供应链管理南通有限公司
600522,中天亚东供应链管理南通有限公司
600522,中天上材增材制造有限公司
600522,中天上材增材制造有限公司
600522,中国能源建设集团湖南省电力设计院有限公司
600522,中交信通网络科技有限公司
600522,上海源威建设工程有限公司
600522,上海源威建设工程有限公司
600522,上海昱品通信科技股份有限公司
600522,上海昱品通信科技股份有限公司
600522,上海亚东盛国际物流有限公司
600522,上海亚东盛国际物流有限公司
600522,ZTT TELEKOM JV LLC
600522,中天科技集团有限公司
